2024 02 16, 02:27:25, 15.5
2024 02 16, 02:27:27, 15.5
2024 02 16, 02:27:29, 15.562
2024 02 16, 02:27:31, 15.5
2024 02 16, 02:27:33, 15.562
2024 02 16, 02:27:35, 15.562
2024 02 16, 02:27:36, 15.562
2024 02 16, 02:27:38, 15.562
2024 02 16, 02:27:40, 15.562
2024 02 16, 02:27:42, 15.562
2024 02 16, 02:27:44, 15.75
2024 02 16, 02:27:46, 16.312
2024 02 16, 02:27:48, 17.0
2024 02 16, 02:27:50, 18.0
2024 02 16, 02:27:52, 18.875
2024 02 16, 02:27:54, 19.75
2024 02 16, 02:27:56, 20.375
2024 02 16, 02:27:58, 20.875
2024 02 16, 02:28:00, 21.312
2024 02 16, 02:28:01, 21.687
2024 02 16, 02:28:03, 21.937
2024 02 16, 02:28:05, 22.187
2024 02 16, 02:28:07, 22.375
2024 02 16, 02:28:09, 22.562
2024 02 16, 02:28:11, 22.75
2024 02 16, 02:28:13, 22.875
2024 02 16, 02:28:15, 23.0
2024 02 16, 02:28:17, 23.062
2024 02 16, 02:28:19, 23.187
2024 02 16, 02:28:21, 23.187
2024 02 16, 02:28:23, 23.375
2024 02 16, 02:28:24, 23.5
2024 02 16, 02:28:26, 23.187
2024 02 16, 02:28:28, 23.187
2024 02 16, 02:28:30, 24.375
2024 02 16, 02:28:32, 25.562
2024 02 16, 02:28:34, 26.5
2024 02 16, 02:28:36, 27.187
2024 02 16, 02:28:38, 27.812
2024 02 16, 02:28:40, 28.25
2024 02 16, 02:28:42, 28.625
2024 02 16, 02:28:44, 28.937
2024 02 16, 02:28:46, 29.25
2024 02 16, 02:28:48, 29.5
2024 02 16, 02:28:49, 29.75
2024 02 16, 02:28:51, 29.937
2024 02 16, 02:28:53, 30.125
2024 02 16, 02:28:55, 30.312
2024 02 16, 02:28:57, 30.5
2024 02 16, 02:28:59, 30.625
2024 02 16, 02:29:01, 30.812
2024 02 16, 02:29:03, 30.937
2024 02 16, 02:29:05, 31.062
2024 02 16, 02:29:07, 31.187
2024 02 16, 02:29:09, 31.312
2024 02 16, 02:29:11, 31.437
2024 02 16, 02:29:12, 31.5
2024 02 16, 02:29:14, 31.625
2024 02 16, 02:29:16, 31.687
2024 02 16, 02:29:18, 31.812
2024 02 16, 02:29:20, 31.937
2024 02 16, 02:29:22, 32.0
2024 02 16, 02:29:24, 32.062
2024 02 16, 02:29:26, 32.187
2024 02 16, 02:29:28, 32.25
2024 02 16, 02:29:30, 32.312
2024 02 16, 02:29:32, 32.437
2024 02 16, 02:29:34, 32.5
2024 02 16, 02:29:36, 32.5
2024 02 16, 02:29:37, 32.625
2024 02 16, 02:29:39, 32.687
2024 02 16, 02:29:41, 32.75
2024 02 16, 02:29:43, 32.812
2024 02 16, 02:29:45, 32.875
2024 02 16, 02:29:47, 32.937
2024 02 16, 02:29:49, 32.937
2024 02 16, 02:29:51, 33.0
2024 02 16, 02:29:53, 33.062
2024 02 16, 02:29:55, 33.125
2024 02 16, 02:29:57, 33.187
2024 02 16, 02:29:59, 33.25
2024 02 16, 02:30:00, 33.312
2024 02 16, 02:30:02, 33.312
2024 02 16, 02:30:04, 33.312
2024 02 16, 02:30:06, 33.375
2024 02 16, 02:30:08, 33.437
2024 02 16, 02:30:10, 33.5
2024 02 16, 02:30:12, 33.5
2024 02 16, 02:30:14, 33.562
2024 02 16, 02:30:16, 33.625
2024 02 16, 02:30:18, 33.625
2024 02 16, 02:30:20, 33.687
2024 02 16, 02:30:22, 33.687
2024 02 16, 02:30:24, 33.75
2024 02 16, 02:30:25, 33.75
2024 02 16, 02:30:27, 33.812
2024 02 16, 02:30:29, 33.812
2024 02 16, 02:30:31, 33.875
2024 02 16, 02:30:33, 33.875
2024 02 16, 02:30:35, 33.937
2024 02 16, 02:30:37, 33.937
2024 02 16, 02:30:39, 34.0
2024 02 16, 02:30:41, 34.0
2024 02 16, 02:30:43, 34.062
2024 02 16, 02:30:45, 34.062
2024 02 16, 02:30:47, 34.062
2024 02 16, 02:30:48, 34.062
2024 02 16, 02:30:50, 34.0
2024 02 16, 02:30:52, 33.812
2024 02 16, 02:30:54, 33.562
2024 02 16, 02:30:56, 33.312
2024 02 16, 02:30:58, 33.062
2024 02 16, 02:31:00, 32.875
2024 02 16, 02:31:02, 32.687
2024 02 16, 02:31:04, 32.5
2024 02 16, 02:31:06, 32.312
2024 02 16, 02:31:08, 32.125
2024 02 16, 02:31:10, 32.0
2024 02 16, 02:31:12, 31.875
2024 02 16, 02:31:13, 31.687
2024 02 16, 02:31:15, 31.562
2024 02 16, 02:31:17, 31.437
2024 02 16, 02:31:19, 31.312
2024 02 16, 02:31:21, 31.125
2024 02 16, 02:31:23, 31.062
2024 02 16, 02:31:25, 30.937
2024 02 16, 02:31:27, 30.812
2024 02 16, 02:31:29, 30.687
2024 02 16, 02:31:31, 30.562
2024 02 16, 02:31:33, 30.437
2024 02 16, 02:31:35, 30.375
2024 02 16, 02:31:36, 30.25
2024 02 16, 02:31:38, 30.125
2024 02 16, 02:31:40, 30.062
2024 02 16, 02:31:42, 29.875
2024 02 16, 02:31:44, 29.812
2024 02 16, 02:31:46, 29.687
2024 02 16, 02:31:48, 29.625
2024 02 16, 02:31:50, 29.5
2024 02 16, 02:31:52, 29.375
2024 02 16, 02:31:54, 29.312
2024 02 16, 02:31:56, 29.187
2024 02 16, 02:31:58, 29.062
2024 02 16, 02:32:00, 29.0
2024 02 16, 02:32:01, 28.875
2024 02 16, 02:32:03, 28.75
2024 02 16, 02:32:05, 28.687
2024 02 16, 02:32:07, 28.562
2024 02 16, 02:32:09, 28.5
2024 02 16, 02:32:11, 28.375
2024 02 16, 02:32:13, 28.312
2024 02 16, 02:32:15, 28.187
2024 02 16, 02:32:17, 28.125
2024 02 16, 02:32:19, 28.062
2024 02 16, 02:32:21, 27.937
2024 02 16, 02:32:23, 27.875
2024 02 16, 02:32:24, 27.75
2024 02 16, 02:32:26, 27.625
2024 02 16, 02:32:28, 27.562
2024 02 16, 02:32:30, 27.5
2024 02 16, 02:32:32, 27.437
2024 02 16, 02:32:34, 27.312
2024 02 16, 02:32:36, 27.25
2024 02 16, 02:32:38, 27.187
2024 02 16, 02:32:40, 27.062
2024 02 16, 02:32:42, 27.0
2024 02 16, 02:32:44, 26.875
2024 02 16, 02:32:46, 26.812
2024 02 16, 02:32:48, 26.75
2024 02 16, 02:32:49, 26.625
2024 02 16, 02:32:51, 26.625
2024 02 16, 02:32:53, 26.5
2024 02 16, 02:32:55, 26.375
2024 02 16, 02:32:57, 26.375
2024 02 16, 02:32:59, 26.25
2024 02 16, 02:33:01, 26.187
2024 02 16, 02:33:03, 26.062
2024 02 16, 02:33:05, 26.0
2024 02 16, 02:33:07, 25.937
2024 02 16, 02:33:09, 25.875
2024 02 16, 02:33:11, 25.75
2024 02 16, 02:33:12, 25.687
2024 02 16, 02:33:14, 25.625
2024 02 16, 02:33:16, 25.562
2024 02 16, 02:33:18, 25.5
2024 02 16, 02:33:20, 25.437
2024 02 16, 02:33:22, 25.312
2024 02 16, 02:33:24, 25.25
2024 02 16, 02:33:26, 25.187
2024 02 16, 02:33:28, 25.125
2024 02 16, 02:33:30, 25.062
2024 02 16, 02:33:32, 25.0
2024 02 16, 02:33:34, 24.937
2024 02 16, 02:33:36, 24.875
2024 02 16, 02:33:37, 24.75
2024 02 16, 02:33:39, 24.75
2024 02 16, 02:33:41, 24.687
2024 02 16, 02:33:43, 24.562
2024 02 16, 02:33:45, 24.5
2024 02 16, 02:33:47, 24.437
2024 02 16, 02:33:49, 24.375
2024 02 16, 02:33:51, 24.312
2024 02 16, 02:33:53, 24.25
2024 02 16, 02:33:55, 24.187
2024 02 16, 02:33:57, 24.125
2024 02 16, 02:33:59, 24.0
2024 02 16, 02:34:00, 23.937
2024 02 16, 02:34:02, 23.875
2024 02 16, 02:34:04, 23.875
2024 02 16, 02:34:06, 23.812
2024 02 16, 02:34:08, 23.75
2024 02 16, 02:34:10, 23.687
2024 02 16, 02:34:12, 23.625
2024 02 16, 02:34:14, 23.562
2024 02 16, 02:34:16, 23.5
2024 02 16, 02:34:18, 23.437
2024 02 16, 02:34:20, 23.375
2024 02 16, 02:34:22, 23.312
2024 02 16, 02:34:24, 23.25
2024 02 16, 02:34:25, 23.187
2024 02 16, 02:34:27, 23.125
2024 02 16, 02:34:29, 23.062
2024 02 16, 02:34:31, 23.062
2024 02 16, 02:34:33, 23.0
2024 02 16, 02:34:35, 22.937
2024 02 16, 02:34:37, 22.875
2024 02 16, 02:34:39, 22.812
2024 02 16, 02:34:41, 22.812
2024 02 16, 02:34:43, 22.75
2024 02 16, 02:34:45, 22.625
2024 02 16, 02:34:47, 22.625
2024 02 16, 02:34:48, 22.562
2024 02 16, 02:34:50, 22.5
2024 02 16, 02:34:52, 22.437
2024 02 16, 02:34:54, 22.437
2024 02 16, 02:34:56, 22.375
2024 02 16, 02:34:58, 22.312
2024 02 16, 02:35:00, 22.25
2024 02 16, 02:35:02, 22.187
2024 02 16, 02:35:04, 22.187
2024 02 16, 02:35:06, 22.125
2024 02 16, 02:35:08, 22.062
2024 02 16, 02:35:10, 22.0
2024 02 16, 02:35:12, 22.0
2024 02 16, 02:35:13, 21.937
2024 02 16, 02:35:15, 21.875
2024 02 16, 02:35:17, 21.812
2024 02 16, 02:35:19, 21.75
2024 02 16, 02:35:21, 21.687
2024 02 16, 02:35:23, 21.687
2024 02 16, 02:35:25, 21.625
2024 02 16, 02:35:27, 21.562
2024 02 16, 02:35:29, 21.562
2024 02 16, 02:35:31, 21.5
2024 02 16, 02:35:33, 21.437
2024 02 16, 02:35:35, 21.375
2024 02 16, 02:35:36, 21.375
2024 02 16, 02:35:38, 21.312
2024 02 16, 02:35:40, 21.25
2024 02 16, 02:35:42, 21.25
2024 02 16, 02:35:44, 21.187
2024 02 16, 02:35:46, 21.125
2024 02 16, 02:35:48, 21.125
2024 02 16, 02:35:50, 21.062
2024 02 16, 02:35:52, 21.062
2024 02 16, 02:35:54, 21.0
2024 02 16, 02:35:56, 21.0
2024 02 16, 02:35:58, 20.937
2024 02 16, 02:36:00, 20.875
2024 02 16, 02:36:01, 20.812
2024 02 16, 02:36:03, 20.812
2024 02 16, 02:36:05, 20.75
2024 02 16, 02:36:07, 20.687
2024 02 16, 02:36:09, 20.687
2024 02 16, 02:36:11, 20.625
2024 02 16, 02:36:13, 20.625
2024 02 16, 02:36:15, 20.562
2024 02 16, 02:36:17, 20.562
2024 02 16, 02:36:19, 20.5
2024 02 16, 02:36:21, 20.437
2024 02 16, 02:36:23, 20.437
2024 02 16, 02:36:24, 20.437
2024 02 16, 02:36:26, 20.375
2024 02 16, 02:36:28, 20.312
2024 02 16, 02:36:30, 20.312
2024 02 16, 02:36:32, 20.25
2024 02 16, 02:36:34, 20.25
2024 02 16, 02:36:36, 20.187
2024 02 16, 02:36:38, 20.125
2024 02 16, 02:36:40, 20.125
2024 02 16, 02:36:42, 20.062
2024 02 16, 02:36:44, 20.062
2024 02 16, 02:36:46, 20.0
2024 02 16, 02:36:48, 20.0
2024 02 16, 02:36:49, 19.937
2024 02 16, 02:36:51, 19.937
2024 02 16, 02:36:53, 19.875
2024 02 16, 02:36:55, 19.875
2024 02 16, 02:36:57, 19.812
2024 02 16, 02:36:59, 19.75
2024 02 16, 02:37:01, 19.75
2024 02 16, 02:37:03, 19.75
2024 02 16, 02:37:05, 19.687
2024 02 16, 02:37:07, 19.625
2024 02 16, 02:37:09, 19.625
2024 02 16, 02:37:11, 19.625
2024 02 16, 02:37:12, 19.562
2024 02 16, 02:37:14, 19.562
2024 02 16, 02:37:16, 19.562
2024 02 16, 02:37:18, 19.5
2024 02 16, 02:37:20, 19.5
2024 02 16, 02:37:22, 19.437
2024 02 16, 02:37:24, 19.437
2024 02 16, 02:37:26, 19.437
2024 02 16, 02:37:28, 19.375
2024 02 16, 02:37:30, 19.375
2024 02 16, 02:37:32, 19.312
2024 02 16, 02:37:34, 19.312
2024 02 16, 02:37:36, 19.312
2024 02 16, 02:37:37, 19.25
2024 02 16, 02:37:39, 19.187
2024 02 16, 02:37:41, 19.187
2024 02 16, 02:37:43, 19.187
2024 02 16, 02:37:45, 19.125
2024 02 16, 02:37:47, 19.125
2024 02 16, 02:37:49, 19.062
2024 02 16, 02:37:51, 19.062
2024 02 16, 02:37:53, 19.0
2024 02 16, 02:37:55, 19.0
2024 02 16, 02:37:57, 19.0
2024 02 16, 02:37:59, 18.937
2024 02 16, 02:38:00, 18.937
2024 02 16, 02:38:02, 18.875
2024 02 16, 02:38:04, 18.875
2024 02 16, 02:38:06, 18.812
2024 02 16, 02:38:08, 18.812
2024 02 16, 02:38:10, 18.812
2024 02 16, 02:38:12, 18.75
2024 02 16, 02:38:14, 18.75
2024 02 16, 02:38:16, 18.75
2024 02 16, 02:38:18, 18.687
2024 02 16, 02:38:20, 18.687
2024 02 16, 02:38:22, 18.687
2024 02 16, 02:38:24, 18.625
2024 02 16, 02:38:25, 18.625
2024 02 16, 02:38:27, 18.562
2024 02 16, 02:38:29, 18.562
2024 02 16, 02:38:31, 18.562
2024 02 16, 02:38:33, 18.5
2024 02 16, 02:38:35, 18.5
2024 02 16, 02:38:37, 18.5
2024 02 16, 02:38:39, 18.437
2024 02 16, 02:38:41, 18.437
2024 02 16, 02:38:43, 18.437
2024 02 16, 02:38:45, 18.375
2024 02 16, 02:38:47, 18.375
2024 02 16, 02:38:48, 18.312
2024 02 16, 02:38:50, 18.312
2024 02 16, 02:38:52, 18.312
2024 02 16, 02:38:54, 18.25
2024 02 16, 02:38:56, 18.25
2024 02 16, 02:38:58, 18.25
2024 02 16, 02:39:00, 18.25
2024 02 16, 02:39:02, 18.187
2024 02 16, 02:39:04, 18.187
2024 02 16, 02:39:06, 18.187
2024 02 16, 02:39:08, 18.125
2024 02 16, 02:39:10, 18.125
2024 02 16, 02:39:12, 18.125
2024 02 16, 02:39:13, 18.125
2024 02 16, 02:39:15, 18.062
2024 02 16, 02:39:17, 18.062
2024 02 16, 02:39:19, 18.062
2024 02 16, 02:39:21, 18.0
2024 02 16, 02:39:23, 18.0
2024 02 16, 02:39:25, 18.0
2024 02 16, 02:39:27, 17.937
2024 02 16, 02:39:29, 17.937
2024 02 16, 02:39:31, 17.937
2024 02 16, 02:39:33, 17.937
2024 02 16, 02:39:35, 17.875
2024 02 16, 02:39:36, 17.875
2024 02 16, 02:39:38, 17.875
2024 02 16, 02:39:40, 17.875
2024 02 16, 02:39:42, 17.812
2024 02 16, 02:39:44, 17.812
2024 02 16, 02:39:46, 17.812
2024 02 16, 02:39:48, 17.75
2024 02 16, 02:39:50, 17.75
2024 02 16, 02:39:52, 17.75
2024 02 16, 02:39:54, 17.687
2024 02 16, 02:39:56, 17.75
2024 02 16, 02:39:58, 17.687
2024 02 16, 02:40:00, 17.687
2024 02 16, 02:40:01, 17.687
2024 02 16, 02:40:03, 17.687
2024 02 16, 02:40:05, 17.625
2024 02 16, 02:40:07, 17.625
2024 02 16, 02:40:09, 17.625
2024 02 16, 02:40:11, 17.625
2024 02 16, 02:40:13, 17.625
2024 02 16, 02:40:15, 17.562
2024 02 16, 02:40:17, 17.562
2024 02 16, 02:40:19, 17.562
2024 02 16, 02:40:21, 17.5
2024 02 16, 02:40:23, 17.5
2024 02 16, 02:40:24, 17.562
2024 02 16, 02:40:26, 17.5
2024 02 16, 02:40:28, 17.5
2024 02 16, 02:40:30, 17.5
2024 02 16, 02:40:32, 17.437
2024 02 16, 02:40:34, 17.437
2024 02 16, 02:40:36, 17.437
2024 02 16, 02:40:38, 17.437
2024 02 16, 02:40:40, 17.375
2024 02 16, 02:40:42, 17.375
2024 02 16, 02:40:44, 17.375
2024 02 16, 02:40:46, 17.375
2024 02 16, 02:40:48, 17.312
2024 02 16, 02:40:49, 17.312
2024 02 16, 02:40:51, 17.312
2024 02 16, 02:40:53, 17.312
2024 02 16, 02:40:55, 17.25
2024 02 16, 02:40:57, 17.312
2024 02 16, 02:40:59, 17.25
2024 02 16, 02:41:01, 17.25
2024 02 16, 02:41:03, 17.25
2024 02 16, 02:41:05, 17.25
2024 02 16, 02:41:07, 17.187
2024 02 16, 02:41:09, 17.25
2024 02 16, 02:41:11, 17.25
2024 02 16, 02:41:12, 17.187
2024 02 16, 02:41:14, 17.187
2024 02 16, 02:41:16, 17.187
2024 02 16, 02:41:18, 17.187
2024 02 16, 02:41:20, 17.187
2024 02 16, 02:41:22, 17.125
2024 02 16, 02:41:24, 17.125
2024 02 16, 02:41:26, 17.125
2024 02 16, 02:41:28, 17.062
2024 02 16, 02:41:30, 17.062
2024 02 16, 02:41:32, 17.062
2024 02 16, 02:41:34, 17.062
2024 02 16, 02:41:36, 17.062
2024 02 16, 02:41:37, 17.062
2024 02 16, 02:41:39, 17.062
2024 02 16, 02:41:41, 17.062
2024 02 16, 02:41:43, 17.0
2024 02 16, 02:41:45, 17.0
2024 02 16, 02:41:47, 17.0
2024 02 16, 02:41:49, 17.0
2024 02 16, 02:41:51, 17.0
2024 02 16, 02:41:53, 16.937
2024 02 16, 02:41:55, 16.937
2024 02 16, 02:41:57, 16.937
2024 02 16, 02:41:59, 16.937
2024 02 16, 02:42:00, 16.937
2024 02 16, 02:42:02, 16.937
2024 02 16, 02:42:04, 16.875
2024 02 16, 02:42:06, 16.875
2024 02 16, 02:42:08, 16.937
2024 02 16, 02:42:10, 16.875
2024 02 16, 02:42:12, 16.875
2024 02 16, 02:42:14, 16.875
2024 02 16, 02:42:16, 16.875
2024 02 16, 02:42:18, 16.875
2024 02 16, 02:42:20, 16.812
2024 02 16, 02:42:22, 16.812
2024 02 16, 02:42:24, 16.812
2024 02 16, 02:42:25, 16.812
2024 02 16, 02:42:27, 16.812
2024 02 16, 02:42:29, 16.75
2024 02 16, 02:42:31, 16.812
2024 02 16, 02:42:33, 16.75
2024 02 16, 02:42:35, 16.75
2024 02 16, 02:42:37, 16.812
2024 02 16, 02:42:39, 16.75
2024 02 16, 02:42:41, 16.75
2024 02 16, 02:42:43, 16.75
2024 02 16, 02:42:45, 16.75
2024 02 16, 02:42:47, 16.75
2024 02 16, 02:42:48, 16.687
2024 02 16, 02:42:50, 16.75
2024 02 16, 02:42:52, 16.75
2024 02 16, 02:42:54, 16.687
2024 02 16, 02:42:56, 16.687
2024 02 16, 02:42:58, 16.687
2024 02 16, 02:43:00, 16.687
2024 02 16, 02:43:02, 16.687
2024 02 16, 02:43:04, 16.687
2024 02 16, 02:43:06, 16.625
2024 02 16, 02:43:08, 16.687
2024 02 16, 02:43:10, 16.625
2024 02 16, 02:43:12, 16.625
2024 02 16, 02:43:13, 16.625
2024 02 16, 02:43:15, 16.625
2024 02 16, 02:43:17, 16.625
2024 02 16, 02:43:19, 16.625
2024 02 16, 02:43:21, 16.625
2024 02 16, 02:43:23, 16.625
2024 02 16, 02:43:25, 16.625
2024 02 16, 02:43:27, 16.562
2024 02 16, 02:43:29, 16.625
2024 02 16, 02:43:31, 16.562
2024 02 16, 02:43:33, 16.562
2024 02 16, 02:43:35, 16.562
2024 02 16, 02:43:36, 16.562
2024 02 16, 02:43:38, 16.562
2024 02 16, 02:43:40, 16.562
2024 02 16, 02:43:42, 16.5
2024 02 16, 02:43:44, 16.5
2024 02 16, 02:43:46, 16.5
2024 02 16, 02:43:48, 16.5
2024 02 16, 02:43:50, 16.5
2024 02 16, 02:43:52, 16.5
2024 02 16, 02:43:54, 16.5
2024 02 16, 02:43:56, 16.5
2024 02 16, 02:43:58, 16.5
2024 02 16, 02:44:00, 16.5
2024 02 16, 02:44:01, 16.5
2024 02 16, 02:44:03, 16.5
2024 02 16, 02:44:05, 16.5
2024 02 16, 02:44:07, 16.5
2024 02 16, 02:44:09, 16.437
2024 02 16, 02:44:11, 16.437
2024 02 16, 02:44:13, 16.437
2024 02 16, 02:44:15, 16.437
2024 02 16, 02:44:17, 16.437
2024 02 16, 02:44:19, 16.437
2024 02 16, 02:44:21, 16.437
2024 02 16, 02:44:23, 16.437
2024 02 16, 02:44:24, 16.437
2024 02 16, 02:44:26, 16.375
2024 02 16, 02:44:28, 16.375
2024 02 16, 02:44:30, 16.375
2024 02 16, 02:44:32, 16.375
2024 02 16, 02:44:34, 16.375
2024 02 16, 02:44:36, 16.375
2024 02 16, 02:44:38, 16.375
2024 02 16, 02:44:40, 16.375
2024 02 16, 02:44:42, 16.375
2024 02 16, 02:44:44, 16.375
2024 02 16, 02:44:46, 16.312
2024 02 16, 02:44:48, 16.312
2024 02 16, 02:44:49, 16.312
2024 02 16, 02:44:51, 16.312
2024 02 16, 02:44:53, 16.375
2024 02 16, 02:44:55, 16.312
2024 02 16, 02:44:57, 16.312
2024 02 16, 02:44:59, 16.312
2024 02 16, 02:45:01, 16.312
2024 02 16, 02:45:03, 16.312
2024 02 16, 02:45:05, 16.312
2024 02 16, 02:45:07, 16.312
2024 02 16, 02:45:09, 16.312
2024 02 16, 02:45:11, 16.312
2024 02 16, 02:45:12, 16.25
2024 02 16, 02:45:14, 16.312
2024 02 16, 02:45:16, 16.312
2024 02 16, 02:45:18, 16.25
2024 02 16, 02:45:20, 16.25
2024 02 16, 02:45:22, 16.25
2024 02 16, 02:45:24, 16.25
2024 02 16, 02:45:26, 16.25
2024 02 16, 02:45:28, 16.25
2024 02 16, 02:45:30, 16.25
2024 02 16, 02:45:32, 16.25
2024 02 16, 02:45:34, 16.25
2024 02 16, 02:45:36, 16.25
2024 02 16, 02:45:37, 16.25
2024 02 16, 02:45:39, 16.187
2024 02 16, 02:45:41, 16.25
2024 02 16, 02:45:43, 16.25
2024 02 16, 02:45:45, 16.187
2024 02 16, 02:45:47, 16.25
2024 02 16, 02:45:49, 16.187
2024 02 16, 02:45:51, 16.187
2024 02 16, 02:45:53, 16.187
2024 02 16, 02:45:55, 16.187
2024 02 16, 02:45:57, 16.125
2024 02 16, 02:45:59, 16.187
2024 02 16, 02:46:00, 16.187
2024 02 16, 02:46:02, 16.187
2024 02 16, 02:46:04, 16.187
2024 02 16, 02:46:06, 16.187
2024 02 16, 02:46:08, 16.187
2024 02 16, 02:46:10, 16.187
2024 02 16, 02:46:12, 16.187
2024 02 16, 02:46:14, 16.187
2024 02 16, 02:46:16, 16.125
2024 02 16, 02:46:18, 16.187
2024 02 16, 02:46:20, 16.187
2024 02 16, 02:46:22, 16.187
2024 02 16, 02:46:24, 16.187
2024 02 16, 02:46:25, 16.187
2024 02 16, 02:46:27, 16.187
2024 02 16, 02:46:29, 16.125
2024 02 16, 02:46:31, 16.187
2024 02 16, 02:46:33, 16.125
2024 02 16, 02:46:35, 16.125
2024 02 16, 02:46:37, 16.125
2024 02 16, 02:46:39, 16.125
2024 02 16, 02:46:41, 16.125
2024 02 16, 02:46:43, 16.125
2024 02 16, 02:46:45, 16.125
2024 02 16, 02:46:47, 16.125
2024 02 16, 02:46:48, 16.125
2024 02 16, 02:46:50, 16.125
2024 02 16, 02:46:52, 16.062
2024 02 16, 02:46:54, 16.062
2024 02 16, 02:46:56, 16.125
2024 02 16, 02:46:58, 16.125
2024 02 16, 02:47:00, 16.125
2024 02 16, 02:47:02, 16.125
2024 02 16, 02:47:04, 16.125
2024 02 16, 02:47:06, 16.125
2024 02 16, 02:47:08, 16.062
2024 02 16, 02:47:10, 16.125
2024 02 16, 02:47:12, 16.125
2024 02 16, 02:47:13, 16.125
2024 02 16, 02:47:15, 16.125
2024 02 16, 02:47:17, 16.125
2024 02 16, 02:47:19, 16.062
2024 02 16, 02:47:21, 16.062
2024 02 16, 02:47:23, 16.062
2024 02 16, 02:47:25, 16.062
2024 02 16, 02:47:27, 16.062
2024 02 16, 02:47:29, 16.062
2024 02 16, 02:47:31, 16.062
2024 02 16, 02:47:33, 16.062
2024 02 16, 02:47:35, 16.062
2024 02 16, 02:47:36, 16.062
2024 02 16, 02:47:38, 16.062
2024 02 16, 02:47:40, 16.062
2024 02 16, 02:47:42, 16.062
2024 02 16, 02:47:44, 16.062
2024 02 16, 02:47:46, 16.062
2024 02 16, 02:47:48, 16.062
2024 02 16, 02:47:50, 16.062
2024 02 16, 02:47:52, 16.062
2024 02 16, 02:47:54, 16.062
2024 02 16, 02:47:56, 16.0
2024 02 16, 02:47:58, 16.062
2024 02 16, 02:48:00, 16.0
2024 02 16, 02:48:01, 16.062
2024 02 16, 02:48:03, 16.062
2024 02 16, 02:48:05, 16.062
2024 02 16, 02:48:07, 16.0
2024 02 16, 02:48:09, 16.0
2024 02 16, 02:48:11, 16.0
2024 02 16, 02:48:13, 16.0
2024 02 16, 02:48:15, 16.0
2024 02 16, 02:48:17, 16.062
2024 02 16, 02:48:19, 16.0
2024 02 16, 02:48:21, 16.0
2024 02 16, 02:48:23, 16.0
2024 02 16, 02:48:24, 16.0
2024 02 16, 02:48:26, 16.0
2024 02 16, 02:48:28, 16.0
2024 02 16, 02:48:30, 16.0
2024 02 16, 02:48:32, 16.0
2024 02 16, 02:48:34, 16.0
2024 02 16, 02:48:36, 16.0
2024 02 16, 02:48:38, 16.0
2024 02 16, 02:48:40, 16.0
2024 02 16, 02:48:42, 16.0
2024 02 16, 02:48:44, 15.937
2024 02 16, 02:48:46, 16.0
2024 02 16, 02:48:48, 16.0
2024 02 16, 02:48:49, 16.0
2024 02 16, 02:48:51, 16.0
2024 02 16, 02:48:53, 16.0
2024 02 16, 02:48:55, 15.937
2024 02 16, 02:48:57, 16.0
2024 02 16, 02:48:59, 16.0
2024 02 16, 02:49:01, 16.0
2024 02 16, 02:49:03, 16.0
2024 02 16, 02:49:05, 16.0
2024 02 16, 02:49:07, 15.937
2024 02 16, 02:49:09, 16.0
2024 02 16, 02:49:11, 15.937
2024 02 16, 02:49:12, 15.937
2024 02 16, 02:49:14, 15.937
2024 02 16, 02:49:16, 16.0
2024 02 16, 02:49:18, 16.0
2024 02 16, 02:49:20, 15.937
2024 02 16, 02:49:22, 15.937
2024 02 16, 02:49:24, 16.0
2024 02 16, 02:49:26, 16.0
2024 02 16, 02:49:28, 15.937
2024 02 16, 02:49:30, 16.0
2024 02 16, 02:49:32, 15.937
2024 02 16, 02:49:34, 16.0
2024 02 16, 02:49:36, 15.937
2024 02 16, 02:49:37, 16.0
2024 02 16, 02:49:39, 15.937
2024 02 16, 02:49:41, 16.0
2024 02 16, 02:49:43, 16.0
2024 02 16, 02:49:45, 15.937
2024 02 16, 02:49:47, 15.937
2024 02 16, 02:49:49, 15.937
2024 02 16, 02:49:51, 15.937
2024 02 16, 02:49:53, 15.937
2024 02 16, 02:49:55, 16.0
2024 02 16, 02:49:57, 15.937
2024 02 16, 02:49:59, 15.937
2024 02 16, 02:50:00, 15.937
2024 02 16, 02:50:02, 15.937
2024 02 16, 02:50:04, 15.937
2024 02 16, 02:50:06, 15.937
2024 02 16, 02:50:08, 15.937
2024 02 16, 02:50:10, 15.937
2024 02 16, 02:50:12, 15.937
2024 02 16, 02:50:14, 15.937
2024 02 16, 02:50:16, 15.937
2024 02 16, 02:50:18, 15.937
2024 02 16, 02:50:20, 15.937
2024 02 16, 02:50:22, 15.937
2024 02 16, 02:50:24, 15.937
2024 02 16, 02:50:25, 15.937
2024 02 16, 02:50:27, 15.937
2024 02 16, 02:50:29, 15.937
2024 02 16, 02:50:31, 15.937
2024 02 16, 02:50:33, 15.937
2024 02 16, 02:50:35, 15.937
2024 02 16, 02:50:37, 15.875
2024 02 16, 02:50:39, 15.937
2024 02 16, 02:50:41, 15.937
2024 02 16, 02:50:43, 15.875
2024 02 16, 02:50:45, 15.937
2024 02 16, 02:50:47, 15.937
2024 02 16, 02:50:48, 15.937
2024 02 16, 02:50:50, 15.937
2024 02 16, 02:50:52, 15.937
2024 02 16, 02:50:54, 15.875
2024 02 16, 02:50:56, 15.875
2024 02 16, 02:50:58, 15.875
2024 02 16, 02:51:00, 15.875
2024 02 16, 02:51:02, 15.937
2024 02 16, 02:51:04, 15.875
2024 02 16, 02:51:06, 15.937
2024 02 16, 02:51:08, 15.937
2024 02 16, 02:51:10, 15.937
2024 02 16, 02:51:12, 15.875
2024 02 16, 02:51:13, 15.875
2024 02 16, 02:51:15, 15.937
2024 02 16, 02:51:17, 15.875
2024 02 16, 02:51:19, 15.937
2024 02 16, 02:51:21, 15.875
2024 02 16, 02:51:23, 15.875
2024 02 16, 02:51:25, 15.875
2024 02 16, 02:51:27, 15.875
2024 02 16, 02:51:29, 15.875
2024 02 16, 02:51:31, 15.875
2024 02 16, 02:51:33, 15.875
2024 02 16, 02:51:35, 15.875
2024 02 16, 02:51:36, 15.875
2024 02 16, 02:51:38, 15.875
2024 02 16, 02:51:40, 15.875
2024 02 16, 02:51:42, 15.875
2024 02 16, 02:51:44, 15.875
2024 02 16, 02:51:46, 15.875
2024 02 16, 02:51:48, 15.875
2024 02 16, 02:51:50, 15.875
2024 02 16, 02:51:52, 15.875
2024 02 16, 02:51:54, 15.875
2024 02 16, 02:51:56, 15.875
2024 02 16, 02:51:58, 15.875
2024 02 16, 02:52:00, 15.875
2024 02 16, 02:52:01, 15.875
2024 02 16, 02:52:03, 15.875
2024 02 16, 02:52:05, 15.875
2024 02 16, 02:52:07, 15.875
2024 02 16, 02:52:09, 15.875
2024 02 16, 02:52:11, 15.875
2024 02 16, 02:52:13, 15.875
2024 02 16, 02:52:15, 15.875
2024 02 16, 02:52:17, 15.875
2024 02 16, 02:52:19, 15.875
2024 02 16, 02:52:21, 15.875
2024 02 16, 02:52:23, 15.875
2024 02 16, 02:52:24, 15.875
2024 02 16, 02:52:26, 15.812
2024 02 16, 02:52:28, 15.875
2024 02 16, 02:52:30, 15.875
2024 02 16, 02:52:32, 15.875
2024 02 16, 02:52:34, 15.875
2024 02 16, 02:52:36, 15.875
2024 02 16, 02:52:38, 15.875
2024 02 16, 02:52:40, 15.875
2024 02 16, 02:52:42, 15.875
2024 02 16, 02:52:44, 15.875
2024 02 16, 02:52:46, 15.875
2024 02 16, 02:52:48, 15.875
2024 02 16, 02:52:49, 15.875
2024 02 16, 02:52:51, 15.875
2024 02 16, 02:52:53, 15.875
2024 02 16, 02:52:55, 15.875
2024 02 16, 02:52:57, 15.875
2024 02 16, 02:52:59, 15.875
2024 02 16, 02:53:01, 15.812
2024 02 16, 02:53:03, 15.875
2024 02 16, 02:53:05, 15.875
2024 02 16, 02:53:07, 15.875
2024 02 16, 02:53:09, 15.875
2024 02 16, 02:53:11, 15.812
2024 02 16, 02:53:12, 15.875
2024 02 16, 02:53:14, 15.875
2024 02 16, 02:53:16, 15.875
2024 02 16, 02:53:18, 15.875
2024 02 16, 02:53:20, 15.875
2024 02 16, 02:53:22, 15.875
2024 02 16, 02:53:24, 15.875
2024 02 16, 02:53:26, 15.875
2024 02 16, 02:53:28, 15.875
2024 02 16, 02:53:30, 15.875
2024 02 16, 02:53:32, 15.875
2024 02 16, 02:53:34, 15.875
2024 02 16, 02:53:36, 15.875
2024 02 16, 02:53:37, 15.812
2024 02 16, 02:53:39, 15.875
2024 02 16, 02:53:41, 15.875
2024 02 16, 02:53:43, 15.875
2024 02 16, 02:53:45, 15.812
2024 02 16, 02:53:47, 15.812
2024 02 16, 02:53:49, 15.875
2024 02 16, 02:53:51, 15.875
2024 02 16, 02:53:53, 15.812
2024 02 16, 02:53:55, 15.875
2024 02 16, 02:53:57, 15.812
2024 02 16, 02:53:59, 15.812
2024 02 16, 02:54:00, 15.875
2024 02 16, 02:54:02, 15.812
2024 02 16, 02:54:04, 15.812
2024 02 16, 02:54:06, 15.812
2024 02 16, 02:54:08, 15.812
2024 02 16, 02:54:10, 15.812
2024 02 16, 02:54:12, 15.875
2024 02 16, 02:54:14, 15.812
2024 02 16, 02:54:16, 15.812
2024 02 16, 02:54:18, 15.875
2024 02 16, 02:54:20, 15.875
2024 02 16, 02:54:22, 15.812
2024 02 16, 02:54:24, 15.812
2024 02 16, 02:54:25, 15.875
2024 02 16, 02:54:27, 15.875
2024 02 16, 02:54:29, 15.812
2024 02 16, 02:54:31, 15.812
2024 02 16, 02:54:33, 15.875
2024 02 16, 02:54:35, 15.812
2024 02 16, 02:54:37, 15.812
2024 02 16, 02:54:39, 15.812
2024 02 16, 02:54:41, 15.812
2024 02 16, 02:54:43, 15.812
2024 02 16, 02:54:45, 15.812
2024 02 16, 02:54:47, 15.812
2024 02 16, 02:54:48, 15.812
2024 02 16, 02:54:50, 15.812
2024 02 16, 02:54:52, 15.812
2024 02 16, 02:54:54, 15.812
2024 02 16, 02:54:56, 15.812
2024 02 16, 02:54:58, 15.812
2024 02 16, 02:55:00, 15.812
2024 02 16, 02:55:02, 15.812
2024 02 16, 02:55:04, 15.812
2024 02 16, 02:55:06, 15.812
2024 02 16, 02:55:08, 15.812
2024 02 16, 02:55:10, 15.812
2024 02 16, 02:55:12, 15.812
2024 02 16, 02:55:13, 15.812
2024 02 16, 02:55:15, 15.812
2024 02 16, 02:55:17, 15.812
2024 02 16, 02:55:19, 15.812
2024 02 16, 02:55:21, 15.812
2024 02 16, 02:55:23, 15.812
2024 02 16, 02:55:25, 15.812
2024 02 16, 02:55:27, 15.812
2024 02 16, 02:55:29, 15.812
2024 02 16, 02:55:31, 15.812
2024 02 16, 02:55:33, 15.812
2024 02 16, 02:55:35, 15.812
2024 02 16, 02:55:36, 15.812
2024 02 16, 02:55:38, 15.812
2024 02 16, 02:55:40, 15.812
2024 02 16, 02:55:42, 15.875
2024 02 16, 02:55:44, 15.875
2024 02 16, 02:55:46, 15.812
2024 02 16, 02:55:48, 15.812
2024 02 16, 02:55:50, 15.812
2024 02 16, 02:55:52, 15.812
2024 02 16, 02:55:54, 15.812
2024 02 16, 02:55:56, 15.812
2024 02 16, 02:55:58, 15.875
2024 02 16, 02:56:00, 15.875
2024 02 16, 02:56:01, 15.812
2024 02 16, 02:56:03, 15.812
2024 02 16, 02:56:05, 15.812
2024 02 16, 02:56:07, 15.812
2024 02 16, 02:56:09, 15.812
2024 02 16, 02:56:11, 15.875
2024 02 16, 02:56:13, 15.875
2024 02 16, 02:56:15, 15.812
2024 02 16, 02:56:17, 15.812
2024 02 16, 02:56:19, 15.812
2024 02 16, 02:56:21, 15.812
2024 02 16, 02:56:23, 15.812
2024 02 16, 02:56:24, 15.812
2024 02 16, 02:56:26, 15.812
2024 02 16, 02:56:28, 15.812
2024 02 16, 02:56:30, 15.875
2024 02 16, 02:56:32, 15.875
2024 02 16, 02:56:34, 15.812
2024 02 16, 02:56:36, 15.812
2024 02 16, 02:56:38, 15.812
2024 02 16, 02:56:40, 15.812
2024 02 16, 02:56:42, 15.812
2024 02 16, 02:56:44, 15.812
2024 02 16, 02:56:46, 15.812
2024 02 16, 02:56:48, 15.812
2024 02 16, 02:56:49, 15.875
2024 02 16, 02:56:51, 15.875
2024 02 16, 02:56:53, 15.812
2024 02 16, 02:56:55, 15.812
2024 02 16, 02:56:57, 15.812
2024 02 16, 02:56:59, 15.812
2024 02 16, 02:57:01, 15.812
2024 02 16, 02:57:03, 15.812
2024 02 16, 02:57:05, 15.812
2024 02 16, 02:57:07, 15.875
2024 02 16, 02:57:09, 15.812
2024 02 16, 02:57:11, 15.812
2024 02 16, 02:57:12, 15.812
2024 02 16, 02:57:14, 15.812
2024 02 16, 02:57:16, 15.812
2024 02 16, 02:57:18, 15.875
2024 02 16, 02:57:20, 15.812
2024 02 16, 02:57:22, 15.812
2024 02 16, 02:57:24, 15.812
2024 02 16, 02:57:26, 15.812
2024 02 16, 02:57:28, 15.812
2024 02 16, 02:57:30, 15.812
2024 02 16, 02:57:32, 15.812
2024 02 16, 02:57:34, 15.812
2024 02 16, 02:57:36, 15.812
2024 02 16, 02:57:37, 15.812
2024 02 16, 02:57:39, 15.812
2024 02 16, 02:57:41, 15.875
2024 02 16, 02:57:43, 15.812
2024 02 16, 02:57:45, 15.812
2024 02 16, 02:57:47, 15.812
2024 02 16, 02:57:49, 15.812
2024 02 16, 02:57:51, 15.812
2024 02 16, 02:57:53, 15.812
2024 02 16, 02:57:55, 15.875
2024 02 16, 02:57:57, 15.812
2024 02 16, 02:57:59, 15.812
2024 02 16, 02:58:00, 15.812
2024 02 16, 02:58:02, 15.812
2024 02 16, 02:58:04, 15.812
2024 02 16, 02:58:06, 15.812
2024 02 16, 02:58:08, 15.812
2024 02 16, 02:58:10, 15.812
2024 02 16, 02:58:12, 15.875
2024 02 16, 02:58:14, 15.812
2024 02 16, 02:58:16, 15.875
2024 02 16, 02:58:18, 15.875
2024 02 16, 02:58:20, 15.875
2024 02 16, 02:58:22, 15.812
2024 02 16, 02:58:24, 15.875
2024 02 16, 02:58:25, 15.875
2024 02 16, 02:58:27, 15.812
2024 02 16, 02:58:29, 15.812
2024 02 16, 02:58:31, 15.875
2024 02 16, 02:58:33, 15.812
2024 02 16, 02:58:35, 15.812
2024 02 16, 02:58:37, 15.812
2024 02 16, 02:58:39, 15.875
2024 02 16, 02:58:41, 15.875
2024 02 16, 02:58:43, 15.875
2024 02 16, 02:58:45, 15.875
2024 02 16, 02:58:47, 15.875
2024 02 16, 02:58:48, 15.812
2024 02 16, 02:58:50, 15.812
2024 02 16, 02:58:52, 15.812
2024 02 16, 02:58:54, 15.875
2024 02 16, 02:58:56, 15.875
2024 02 16, 02:58:58, 15.812
2024 02 16, 02:59:00, 15.812
2024 02 16, 02:59:02, 15.875
2024 02 16, 02:59:04, 15.812
2024 02 16, 02:59:06, 15.812
2024 02 16, 02:59:08, 15.812
2024 02 16, 02:59:10, 15.812
2024 02 16, 02:59:12, 15.875
2024 02 16, 02:59:13, 15.812
2024 02 16, 02:59:15, 15.812
2024 02 16, 02:59:17, 15.812
2024 02 16, 02:59:19, 15.812
2024 02 16, 02:59:21, 15.812
2024 02 16, 02:59:23, 15.875
2024 02 16, 02:59:25, 15.875
2024 02 16, 02:59:27, 15.875
2024 02 16, 02:59:29, 15.875
2024 02 16, 02:59:31, 15.875
2024 02 16, 02:59:33, 15.812
2024 02 16, 02:59:35, 15.812
2024 02 16, 02:59:36, 15.875
2024 02 16, 02:59:38, 15.875
2024 02 16, 02:59:40, 15.812
2024 02 16, 02:59:42, 15.875
2024 02 16, 02:59:44, 15.812
2024 02 16, 02:59:46, 15.875
2024 02 16, 02:59:48, 15.875
2024 02 16, 02:59:50, 15.875
2024 02 16, 02:59:52, 15.875
2024 02 16, 02:59:54, 15.812
2024 02 16, 02:59:56, 15.875
2024 02 16, 02:59:58, 15.812
2024 02 16, 03:00:00, 15.875
2024 02 16, 03:00:01, 15.875
2024 02 16, 03:00:03, 15.812
2024 02 16, 03:00:05, 15.875
2024 02 16, 03:00:07, 15.875
2024 02 16, 03:00:09, 15.875
2024 02 16, 03:00:11, 15.875
2024 02 16, 03:00:13, 15.812
2024 02 16, 03:00:15, 15.875
2024 02 16, 03:00:17, 15.875
2024 02 16, 03:00:19, 15.875
2024 02 16, 03:00:21, 15.812
2024 02 16, 03:00:23, 15.812
2024 02 16, 03:00:24, 15.875
2024 02 16, 03:00:26, 15.812
2024 02 16, 03:00:28, 15.875
2024 02 16, 03:00:30, 15.875
2024 02 16, 03:00:32, 15.812
2024 02 16, 03:00:34, 15.875
2024 02 16, 03:00:36, 15.812
2024 02 16, 03:00:38, 15.875
2024 02 16, 03:00:40, 15.812
2024 02 16, 03:00:42, 15.812
2024 02 16, 03:00:44, 15.812
2024 02 16, 03:00:46, 15.812
2024 02 16, 03:00:48, 15.812
2024 02 16, 03:00:49, 15.812
2024 02 16, 03:00:51, 15.875
2024 02 16, 03:00:53, 15.812
2024 02 16, 03:00:55, 15.875
2024 02 16, 03:00:57, 15.875
2024 02 16, 03:00:59, 15.875
2024 02 16, 03:01:01, 15.875
2024 02 16, 03:01:03, 15.875
2024 02 16, 03:01:05, 15.875
2024 02 16, 03:01:07, 15.875
2024 02 16, 03:01:09, 15.875
2024 02 16, 03:01:11, 15.875
2024 02 16, 03:01:12, 15.875
2024 02 16, 03:01:14, 15.875
2024 02 16, 03:01:16, 15.875
2024 02 16, 03:01:18, 15.875
2024 02 16, 03:01:20, 15.875
2024 02 16, 03:01:22, 15.875
2024 02 16, 03:01:24, 15.875
2024 02 16, 03:01:26, 15.875
2024 02 16, 03:01:28, 15.875
2024 02 16, 03:01:30, 15.875
2024 02 16, 03:01:32, 15.875
2024 02 16, 03:01:34, 15.875
2024 02 16, 03:01:36, 15.875
2024 02 16, 03:01:37, 15.875
2024 02 16, 03:01:39, 15.875
2024 02 16, 03:01:41, 15.875
2024 02 16, 03:01:43, 15.875
2024 02 16, 03:01:45, 15.875
2024 02 16, 03:01:47, 15.875
2024 02 16, 03:01:49, 15.875
2024 02 16, 03:01:51, 15.875
2024 02 16, 03:01:53, 15.875
2024 02 16, 03:01:55, 15.875
2024 02 16, 03:01:57, 15.875
2024 02 16, 03:01:59, 15.875
2024 02 16, 03:02:00, 15.875
2024 02 16, 03:02:02, 15.875
2024 02 16, 03:02:04, 15.875
2024 02 16, 03:02:06, 15.875
2024 02 16, 03:02:08, 15.875
2024 02 16, 03:02:10, 15.875
2024 02 16, 03:02:12, 15.875
2024 02 16, 03:02:14, 15.875
2024 02 16, 03:02:16, 15.875
2024 02 16, 03:02:18, 15.875
2024 02 16, 03:02:20, 15.875
2024 02 16, 03:02:22, 15.875
2024 02 16, 03:02:24, 15.875
2024 02 16, 03:02:25, 15.875
2024 02 16, 03:02:27, 15.875
2024 02 16, 03:02:29, 15.875
2024 02 16, 03:02:31, 15.875
2024 02 16, 03:02:33, 15.875
2024 02 16, 03:02:35, 15.875
2024 02 16, 03:02:37, 15.875
2024 02 16, 03:02:39, 15.875
2024 02 16, 03:02:41, 15.875
2024 02 16, 03:02:43, 15.875
2024 02 16, 03:02:45, 15.875
2024 02 16, 03:02:47, 15.875
2024 02 16, 03:02:48, 15.875
2024 02 16, 03:02:50, 15.875
2024 02 16, 03:02:52, 15.875
2024 02 16, 03:02:54, 15.875
2024 02 16, 03:02:56, 15.875
2024 02 16, 03:02:58, 15.875
2024 02 16, 03:03:00, 15.875
2024 02 16, 03:03:02, 15.875
2024 02 16, 03:03:04, 15.875
2024 02 16, 03:03:06, 15.875
2024 02 16, 03:03:08, 15.875
2024 02 16, 03:03:10, 15.875
2024 02 16, 03:03:12, 15.875
2024 02 16, 03:03:13, 15.875
2024 02 16, 03:03:15, 15.875
2024 02 16, 03:03:17, 15.875
2024 02 16, 03:03:19, 15.875
2024 02 16, 03:03:21, 15.875
2024 02 16, 03:03:23, 15.875
2024 02 16, 03:03:25, 15.875
2024 02 16, 03:03:27, 15.875
2024 02 16, 03:03:29, 15.875
2024 02 16, 03:03:31, 15.875
2024 02 16, 03:03:33, 15.875
2024 02 16, 03:03:35, 15.875
2024 02 16, 03:03:36, 15.875
2024 02 16, 03:03:38, 15.875
2024 02 16, 03:03:40, 15.937
2024 02 16, 03:03:42, 15.875
2024 02 16, 03:03:44, 15.937
2024 02 16, 03:03:46, 15.937
2024 02 16, 03:03:48, 15.875
2024 02 16, 03:03:50, 15.875
2024 02 16, 03:03:52, 15.875
2024 02 16, 03:03:54, 15.875
2024 02 16, 03:03:56, 15.875
2024 02 16, 03:03:58, 15.937
2024 02 16, 03:04:00, 15.937
2024 02 16, 03:04:01, 15.875
2024 02 16, 03:04:03, 15.937
2024 02 16, 03:04:05, 15.937
2024 02 16, 03:04:07, 15.937
2024 02 16, 03:04:09, 15.937
2024 02 16, 03:04:11, 15.875
2024 02 16, 03:04:13, 15.875
2024 02 16, 03:04:15, 15.937
2024 02 16, 03:04:17, 15.875
2024 02 16, 03:04:19, 15.875
2024 02 16, 03:04:21, 15.875
2024 02 16, 03:04:23, 15.875
2024 02 16, 03:04:24, 15.937
2024 02 16, 03:04:26, 15.875
2024 02 16, 03:04:28, 15.937
2024 02 16, 03:04:30, 15.875
2024 02 16, 03:04:32, 15.937
2024 02 16, 03:04:34, 15.937
2024 02 16, 03:04:36, 15.875
2024 02 16, 03:04:38, 15.875
2024 02 16, 03:04:40, 15.937
2024 02 16, 03:04:42, 15.875
2024 02 16, 03:04:44, 15.875
2024 02 16, 03:04:46, 15.875
2024 02 16, 03:04:48, 15.875
2024 02 16, 03:04:49, 15.875
2024 02 16, 03:04:51, 15.875
2024 02 16, 03:04:53, 15.875
2024 02 16, 03:04:55, 15.875
2024 02 16, 03:04:57, 15.875
2024 02 16, 03:04:59, 15.875
2024 02 16, 03:05:01, 15.875
2024 02 16, 03:05:03, 15.875
2024 02 16, 03:05:05, 15.937
2024 02 16, 03:05:07, 15.875
2024 02 16, 03:05:09, 15.875
2024 02 16, 03:05:11, 15.875
2024 02 16, 03:05:12, 15.875
2024 02 16, 03:05:14, 15.937
2024 02 16, 03:05:16, 15.875
2024 02 16, 03:05:18, 15.875
2024 02 16, 03:05:20, 15.875
2024 02 16, 03:05:22, 15.875
2024 02 16, 03:05:24, 15.875
2024 02 16, 03:05:26, 15.875
2024 02 16, 03:05:28, 15.875
2024 02 16, 03:05:30, 15.937
2024 02 16, 03:05:32, 15.875
2024 02 16, 03:05:34, 15.937
2024 02 16, 03:05:36, 15.937
2024 02 16, 03:05:37, 15.875
2024 02 16, 03:05:39, 15.875
2024 02 16, 03:05:41, 15.937
2024 02 16, 03:05:43, 15.937
2024 02 16, 03:05:45, 15.937
2024 02 16, 03:05:47, 15.875
2024 02 16, 03:05:49, 15.937
2024 02 16, 03:05:51, 15.937
2024 02 16, 03:05:53, 15.875
2024 02 16, 03:05:55, 15.875
2024 02 16, 03:05:57, 15.875
2024 02 16, 03:05:59, 15.937
2024 02 16, 03:06:00, 15.937
2024 02 16, 03:06:02, 15.937
2024 02 16, 03:06:04, 15.937
2024 02 16, 03:06:06, 15.875
2024 02 16, 03:06:08, 15.937
2024 02 16, 03:06:10, 15.937
2024 02 16, 03:06:12, 15.937
2024 02 16, 03:06:14, 15.937
2024 02 16, 03:06:16, 15.875
2024 02 16, 03:06:18, 15.875
2024 02 16, 03:06:20, 15.937
2024 02 16, 03:06:22, 15.875
2024 02 16, 03:06:24, 15.875
2024 02 16, 03:06:25, 15.875
2024 02 16, 03:06:27, 15.875
2024 02 16, 03:06:29, 15.875
2024 02 16, 03:06:31, 15.875
2024 02 16, 03:06:33, 15.875
2024 02 16, 03:06:35, 15.875
2024 02 16, 03:06:37, 15.937
2024 02 16, 03:06:39, 15.875
2024 02 16, 03:06:41, 15.937
2024 02 16, 03:06:43, 15.875
2024 02 16, 03:06:45, 15.937
2024 02 16, 03:06:47, 15.875
2024 02 16, 03:06:48, 15.937
2024 02 16, 03:06:50, 15.875
2024 02 16, 03:06:52, 15.937
2024 02 16, 03:06:54, 15.875
2024 02 16, 03:06:56, 15.875
2024 02 16, 03:06:58, 15.875
2024 02 16, 03:07:00, 15.937
2024 02 16, 03:07:02, 15.937
2024 02 16, 03:07:04, 15.875
2024 02 16, 03:07:06, 15.937
2024 02 16, 03:07:08, 15.875
2024 02 16, 03:07:10, 15.937
2024 02 16, 03:07:12, 15.937
2024 02 16, 03:07:13, 15.937
2024 02 16, 03:07:15, 15.937
2024 02 16, 03:07:17, 15.937
2024 02 16, 03:07:19, 15.875
2024 02 16, 03:07:21, 15.937
2024 02 16, 03:07:23, 15.937
2024 02 16, 03:07:25, 15.937
2024 02 16, 03:07:27, 15.875
2024 02 16, 03:07:29, 15.937
2024 02 16, 03:07:31, 15.937
2024 02 16, 03:07:33, 15.937
2024 02 16, 03:07:35, 15.937
2024 02 16, 03:07:36, 15.937
2024 02 16, 03:07:38, 15.937
2024 02 16, 03:07:40, 15.937
2024 02 16, 03:07:42, 15.937
2024 02 16, 03:07:44, 15.937
2024 02 16, 03:07:46, 15.937
2024 02 16, 03:07:48, 15.875
2024 02 16, 03:07:50, 15.937
2024 02 16, 03:07:52, 15.875
2024 02 16, 03:07:54, 15.875
2024 02 16, 03:07:56, 15.937
2024 02 16, 03:07:58, 15.937
2024 02 16, 03:08:00, 15.875
2024 02 16, 03:08:01, 15.875
2024 02 16, 03:08:03, 15.875
2024 02 16, 03:08:05, 15.875
2024 02 16, 03:08:07, 15.875
2024 02 16, 03:08:09, 15.875
2024 02 16, 03:08:11, 15.875
2024 02 16, 03:08:13, 15.875
2024 02 16, 03:08:15, 15.875
2024 02 16, 03:08:17, 15.875
2024 02 16, 03:08:19, 15.875
2024 02 16, 03:08:21, 15.875
2024 02 16, 03:08:23, 15.875
2024 02 16, 03:08:24, 15.937
2024 02 16, 03:08:26, 15.937
2024 02 16, 03:08:28, 15.937
2024 02 16, 03:08:30, 15.937
2024 02 16, 03:08:32, 15.937
2024 02 16, 03:08:34, 15.875
2024 02 16, 03:08:36, 15.875
2024 02 16, 03:08:38, 15.937
2024 02 16, 03:08:40, 15.937
2024 02 16, 03:08:42, 15.875
2024 02 16, 03:08:44, 15.937
2024 02 16, 03:08:46, 15.937
2024 02 16, 03:08:48, 15.875
2024 02 16, 03:08:49, 15.875
2024 02 16, 03:08:51, 15.875
2024 02 16, 03:08:53, 15.875
2024 02 16, 03:08:55, 15.875
2024 02 16, 03:08:57, 15.875
2024 02 16, 03:08:59, 15.937
2024 02 16, 03:09:01, 15.875
2024 02 16, 03:09:03, 15.937
2024 02 16, 03:09:05, 15.875
2024 02 16, 03:09:07, 15.937
2024 02 16, 03:09:09, 15.937
2024 02 16, 03:09:11, 15.937
2024 02 16, 03:09:12, 15.937
2024 02 16, 03:09:14, 15.875
2024 02 16, 03:09:16, 15.937
2024 02 16, 03:09:18, 15.875
2024 02 16, 03:09:20, 15.937
2024 02 16, 03:09:22, 15.937
2024 02 16, 03:09:24, 15.937
2024 02 16, 03:09:26, 15.937
2024 02 16, 03:09:28, 15.937
2024 02 16, 03:09:30, 15.875
2024 02 16, 03:09:32, 15.875
2024 02 16, 03:09:34, 15.937
2024 02 16, 03:09:36, 15.937
2024 02 16, 03:09:37, 15.875
2024 02 16, 03:09:39, 15.875
2024 02 16, 03:09:41, 15.937
2024 02 16, 03:09:43, 15.937
2024 02 16, 03:09:45, 15.937
2024 02 16, 03:09:47, 15.937
2024 02 16, 03:09:49, 15.875
2024 02 16, 03:09:51, 15.937
2024 02 16, 03:09:53, 15.937
2024 02 16, 03:09:55, 15.875
2024 02 16, 03:09:57, 15.937
2024 02 16, 03:09:59, 15.937
2024 02 16, 03:10:00, 15.937
2024 02 16, 03:10:02, 15.937
2024 02 16, 03:10:04, 15.937
2024 02 16, 03:10:06, 15.937
2024 02 16, 03:10:08, 15.937
2024 02 16, 03:10:10, 15.937
2024 02 16, 03:10:12, 15.937
2024 02 16, 03:10:14, 15.937
2024 02 16, 03:10:16, 15.937
2024 02 16, 03:10:18, 15.937
2024 02 16, 03:10:20, 15.937
2024 02 16, 03:10:22, 15.937
2024 02 16, 03:10:24, 15.937
2024 02 16, 03:10:25, 15.937
2024 02 16, 03:10:27, 15.937
2024 02 16, 03:10:29, 15.937
2024 02 16, 03:10:31, 15.875
2024 02 16, 03:10:33, 15.937
2024 02 16, 03:10:35, 15.937
2024 02 16, 03:10:37, 15.937
2024 02 16, 03:10:39, 15.937
2024 02 16, 03:10:41, 15.937
2024 02 16, 03:10:43, 15.937
2024 02 16, 03:10:45, 15.937
2024 02 16, 03:10:47, 15.875
2024 02 16, 03:10:48, 15.937
2024 02 16, 03:10:50, 15.937
2024 02 16, 03:10:52, 15.937
2024 02 16, 03:10:54, 15.937
2024 02 16, 03:10:56, 15.937
2024 02 16, 03:10:58, 15.937
2024 02 16, 03:11:00, 15.937
2024 02 16, 03:11:02, 15.937
2024 02 16, 03:11:04, 15.937
2024 02 16, 03:11:06, 15.937
2024 02 16, 03:11:08, 15.937
2024 02 16, 03:11:10, 15.937
2024 02 16, 03:11:12, 15.937
2024 02 16, 03:11:13, 15.937
2024 02 16, 03:11:15, 15.937
2024 02 16, 03:11:17, 15.937
2024 02 16, 03:11:19, 15.937
2024 02 16, 03:11:21, 15.937
2024 02 16, 03:11:23, 15.937
2024 02 16, 03:11:25, 15.937
2024 02 16, 03:11:27, 15.937
2024 02 16, 03:11:29, 15.937
2024 02 16, 03:11:31, 15.937
2024 02 16, 03:11:33, 15.937
2024 02 16, 03:11:35, 15.937
2024 02 16, 03:11:36, 15.937
2024 02 16, 03:11:38, 15.937
2024 02 16, 03:11:40, 15.937
2024 02 16, 03:11:42, 15.937
2024 02 16, 03:11:44, 15.937
2024 02 16, 03:11:46, 15.937
2024 02 16, 03:11:48, 15.937
2024 02 16, 03:11:50, 15.937
2024 02 16, 03:11:52, 15.937
2024 02 16, 03:11:54, 15.937
2024 02 16, 03:11:56, 15.937
2024 02 16, 03:11:58, 15.937
2024 02 16, 03:12:00, 15.937
2024 02 16, 03:12:01, 15.937
2024 02 16, 03:12:03, 15.937
2024 02 16, 03:12:05, 15.937
2024 02 16, 03:12:07, 15.937
2024 02 16, 03:12:09, 15.937
2024 02 16, 03:12:11, 15.937
2024 02 16, 03:12:13, 15.937
2024 02 16, 03:12:15, 15.937
2024 02 16, 03:12:17, 15.937
2024 02 16, 03:12:19, 15.937
2024 02 16, 03:12:21, 15.937
2024 02 16, 03:12:23, 15.937
2024 02 16, 03:12:24, 15.937
2024 02 16, 03:12:26, 15.937
2024 02 16, 03:12:28, 15.937
2024 02 16, 03:12:30, 15.937
2024 02 16, 03:12:32, 15.937
2024 02 16, 03:12:34, 15.937
2024 02 16, 03:12:36, 15.937
2024 02 16, 03:12:38, 15.937
2024 02 16, 03:12:40, 15.937
2024 02 16, 03:12:42, 15.937
2024 02 16, 03:12:44, 15.937
2024 02 16, 03:12:46, 15.937
2024 02 16, 03:12:48, 15.937
2024 02 16, 03:12:49, 16.0
2024 02 16, 03:12:51, 15.937
2024 02 16, 03:12:53, 15.937
2024 02 16, 03:12:55, 15.937
2024 02 16, 03:12:57, 15.937
2024 02 16, 03:12:59, 15.937
2024 02 16, 03:13:01, 15.937
2024 02 16, 03:13:03, 15.937
2024 02 16, 03:13:05, 15.937
2024 02 16, 03:13:07, 15.937
2024 02 16, 03:13:09, 15.937
2024 02 16, 03:13:11, 15.937
2024 02 16, 03:13:12, 15.937
2024 02 16, 03:13:14, 15.937
2024 02 16, 03:13:16, 15.937
2024 02 16, 03:13:18, 15.937
2024 02 16, 03:13:20, 15.937
2024 02 16, 03:13:22, 15.937
2024 02 16, 03:13:24, 15.937
2024 02 16, 03:13:26, 15.937
2024 02 16, 03:13:28, 15.937
2024 02 16, 03:13:30, 15.937
2024 02 16, 03:13:32, 15.937
2024 02 16, 03:13:34, 15.937
2024 02 16, 03:13:36, 15.937
2024 02 16, 03:13:37, 16.0
2024 02 16, 03:13:39, 15.937
2024 02 16, 03:13:41, 15.937
2024 02 16, 03:13:43, 15.937
2024 02 16, 03:13:45, 16.0
2024 02 16, 03:13:47, 15.937
2024 02 16, 03:13:49, 15.937
2024 02 16, 03:13:51, 15.937
2024 02 16, 03:13:53, 15.937
2024 02 16, 03:13:55, 15.937
2024 02 16, 03:13:57, 15.937
2024 02 16, 03:13:59, 15.937
2024 02 16, 03:14:00, 15.937
2024 02 16, 03:14:02, 15.937
2024 02 16, 03:14:04, 15.937
2024 02 16, 03:14:06, 15.937
2024 02 16, 03:14:08, 15.937
2024 02 16, 03:14:10, 15.937
2024 02 16, 03:14:12, 15.937
2024 02 16, 03:14:14, 15.937
2024 02 16, 03:14:16, 15.937
2024 02 16, 03:14:18, 15.937
2024 02 16, 03:14:20, 15.937
2024 02 16, 03:14:22, 15.937
2024 02 16, 03:14:24, 15.937
2024 02 16, 03:14:25, 16.0
2024 02 16, 03:14:27, 15.937
2024 02 16, 03:14:29, 15.937
2024 02 16, 03:14:31, 16.0
2024 02 16, 03:14:33, 15.937
2024 02 16, 03:14:35, 15.937
2024 02 16, 03:14:37, 15.937
2024 02 16, 03:14:39, 15.937
2024 02 16, 03:14:41, 15.937
2024 02 16, 03:14:43, 15.937
2024 02 16, 03:14:45, 15.937
2024 02 16, 03:14:47, 15.937
2024 02 16, 03:14:48, 15.937
2024 02 16, 03:14:50, 15.937
2024 02 16, 03:14:52, 15.937
2024 02 16, 03:14:54, 16.0
2024 02 16, 03:14:56, 15.937
2024 02 16, 03:14:58, 15.937
2024 02 16, 03:15:00, 15.937
2024 02 16, 03:15:02, 15.937
2024 02 16, 03:15:04, 15.937
2024 02 16, 03:15:06, 15.937
2024 02 16, 03:15:08, 15.937
2024 02 16, 03:15:10, 15.937
2024 02 16, 03:15:12, 15.937
2024 02 16, 03:15:13, 15.937
2024 02 16, 03:15:15, 15.937
2024 02 16, 03:15:17, 15.937
2024 02 16, 03:15:19, 15.937
2024 02 16, 03:15:21, 15.937
2024 02 16, 03:15:23, 15.937
2024 02 16, 03:15:25, 15.937
2024 02 16, 03:15:27, 15.937
2024 02 16, 03:15:29, 15.937
2024 02 16, 03:15:31, 15.937
2024 02 16, 03:15:33, 15.937
2024 02 16, 03:15:35, 15.937
2024 02 16, 03:15:36, 15.937
2024 02 16, 03:15:38, 16.0
2024 02 16, 03:15:40, 15.937
2024 02 16, 03:15:42, 15.937
2024 02 16, 03:15:44, 15.937
2024 02 16, 03:15:46, 15.937
2024 02 16, 03:15:48, 15.937
2024 02 16, 03:15:50, 15.937
2024 02 16, 03:15:52, 15.937
2024 02 16, 03:15:54, 15.937
2024 02 16, 03:15:56, 15.937
2024 02 16, 03:15:58, 15.937
2024 02 16, 03:16:00, 15.937
2024 02 16, 03:16:01, 15.937
2024 02 16, 03:16:03, 15.937
2024 02 16, 03:16:05, 15.937
2024 02 16, 03:16:07, 15.937
2024 02 16, 03:16:09, 15.937
2024 02 16, 03:16:11, 15.937
2024 02 16, 03:16:13, 15.937
2024 02 16, 03:16:15, 15.937
2024 02 16, 03:16:17, 15.937
2024 02 16, 03:16:19, 15.937
2024 02 16, 03:16:21, 15.937
2024 02 16, 03:16:23, 15.937
2024 02 16, 03:16:24, 15.937
2024 02 16, 03:16:26, 15.937
2024 02 16, 03:16:28, 15.937
2024 02 16, 03:16:30, 15.937
2024 02 16, 03:16:32, 15.937
2024 02 16, 03:16:34, 15.937
2024 02 16, 03:16:36, 15.937
2024 02 16, 03:16:38, 15.937
2024 02 16, 03:16:40, 15.937
2024 02 16, 03:16:42, 15.937
2024 02 16, 03:16:44, 15.937
2024 02 16, 03:16:46, 15.937
2024 02 16, 03:16:48, 15.937
2024 02 16, 03:16:49, 15.937
2024 02 16, 03:16:51, 15.937
2024 02 16, 03:16:53, 15.937
2024 02 16, 03:16:55, 15.937
2024 02 16, 03:16:57, 15.937
2024 02 16, 03:16:59, 15.937
2024 02 16, 03:17:01, 15.937
2024 02 16, 03:17:03, 15.937
2024 02 16, 03:17:05, 15.937
2024 02 16, 03:17:07, 15.937
2024 02 16, 03:17:09, 15.937
2024 02 16, 03:17:11, 15.937
2024 02 16, 03:17:12, 15.937
2024 02 16, 03:17:14, 15.937
2024 02 16, 03:17:16, 15.937
2024 02 16, 03:17:18, 15.937
2024 02 16, 03:17:20, 15.937
2024 02 16, 03:17:22, 15.937
2024 02 16, 03:17:24, 15.937
2024 02 16, 03:17:26, 15.937
2024 02 16, 03:17:28, 15.937
2024 02 16, 03:17:30, 15.937
2024 02 16, 03:17:32, 15.937
2024 02 16, 03:17:34, 15.937
2024 02 16, 03:17:36, 16.0
2024 02 16, 03:17:37, 16.0
2024 02 16, 03:17:39, 15.937
2024 02 16, 03:17:41, 15.937
2024 02 16, 03:17:43, 15.937
2024 02 16, 03:17:45, 15.937
2024 02 16, 03:17:47, 15.937
2024 02 16, 03:17:49, 15.937
2024 02 16, 03:17:51, 15.937
2024 02 16, 03:17:53, 15.937
2024 02 16, 03:17:55, 15.937
2024 02 16, 03:17:57, 15.937
2024 02 16, 03:17:59, 15.937
2024 02 16, 03:18:00, 15.937
2024 02 16, 03:18:02, 15.937
2024 02 16, 03:18:04, 15.937
2024 02 16, 03:18:06, 15.937
2024 02 16, 03:18:08, 15.937
2024 02 16, 03:18:10, 15.937
2024 02 16, 03:18:12, 15.937
2024 02 16, 03:18:14, 15.937
2024 02 16, 03:18:16, 15.937
2024 02 16, 03:18:18, 15.937
2024 02 16, 03:18:20, 15.937
2024 02 16, 03:18:22, 15.937
2024 02 16, 03:18:24, 15.937
2024 02 16, 03:18:25, 15.937
2024 02 16, 03:18:27, 15.937
2024 02 16, 03:18:29, 15.937
2024 02 16, 03:18:31, 15.937
2024 02 16, 03:18:33, 15.937
2024 02 16, 03:18:35, 15.937
2024 02 16, 03:18:37, 15.937
2024 02 16, 03:18:39, 15.937
2024 02 16, 03:18:41, 15.937
2024 02 16, 03:18:43, 15.937
2024 02 16, 03:18:45, 15.937
2024 02 16, 03:18:47, 15.937
2024 02 16, 03:18:48, 15.937
2024 02 16, 03:18:50, 15.937
2024 02 16, 03:18:52, 15.937
2024 02 16, 03:18:54, 15.937
2024 02 16, 03:18:56, 15.937
2024 02 16, 03:18:58, 15.937
2024 02 16, 03:19:00, 15.937
2024 02 16, 03:19:02, 15.937
2024 02 16, 03:19:04, 15.937
2024 02 16, 03:19:06, 15.937
2024 02 16, 03:19:08, 15.937
2024 02 16, 03:19:10, 15.937
2024 02 16, 03:19:12, 15.937
2024 02 16, 03:19:13, 15.937
2024 02 16, 03:19:15, 15.937
2024 02 16, 03:19:17, 15.937
2024 02 16, 03:19:19, 15.937
2024 02 16, 03:19:21, 15.937
2024 02 16, 03:19:23, 15.937
2024 02 16, 03:19:25, 15.937
2024 02 16, 03:19:27, 15.937
2024 02 16, 03:19:29, 15.937
2024 02 16, 03:19:31, 15.937
2024 02 16, 03:19:33, 15.937
2024 02 16, 03:19:35, 15.937
2024 02 16, 03:19:36, 15.937
2024 02 16, 03:19:38, 15.937
2024 02 16, 03:19:40, 15.937
2024 02 16, 03:19:42, 15.937
2024 02 16, 03:19:44, 15.937
2024 02 16, 03:19:46, 15.937
2024 02 16, 03:19:48, 15.937
2024 02 16, 03:19:50, 15.937
2024 02 16, 03:19:52, 15.937
2024 02 16, 03:19:54, 15.937
2024 02 16, 03:19:56, 16.0
2024 02 16, 03:19:58, 15.937
2024 02 16, 03:20:00, 15.937
2024 02 16, 03:20:01, 15.937
2024 02 16, 03:20:03, 15.937
2024 02 16, 03:20:05, 15.937
2024 02 16, 03:20:07, 15.937
2024 02 16, 03:20:09, 15.937
2024 02 16, 03:20:11, 15.937
2024 02 16, 03:20:13, 15.937
2024 02 16, 03:20:15, 15.937
2024 02 16, 03:20:17, 15.937
2024 02 16, 03:20:19, 15.937
2024 02 16, 03:20:21, 15.937
2024 02 16, 03:20:23, 15.937
2024 02 16, 03:20:24, 15.937
2024 02 16, 03:20:26, 15.937
2024 02 16, 03:20:28, 15.937
2024 02 16, 03:20:30, 15.937
2024 02 16, 03:20:32, 15.937
2024 02 16, 03:20:34, 15.937
2024 02 16, 03:20:36, 15.937
2024 02 16, 03:20:38, 15.937
2024 02 16, 03:20:40, 15.937
2024 02 16, 03:20:42, 16.0
2024 02 16, 03:20:44, 15.937
2024 02 16, 03:20:46, 15.937
2024 02 16, 03:20:48, 15.937
2024 02 16, 03:20:49, 15.937
2024 02 16, 03:20:51, 15.937
2024 02 16, 03:20:53, 15.937
2024 02 16, 03:20:55, 16.0
2024 02 16, 03:20:57, 15.937
2024 02 16, 03:20:59, 16.0
2024 02 16, 03:21:01, 16.0
2024 02 16, 03:21:03, 16.0
2024 02 16, 03:21:05, 16.0
2024 02 16, 03:21:07, 16.0
2024 02 16, 03:21:09, 16.0
2024 02 16, 03:21:11, 15.937
2024 02 16, 03:21:12, 16.0
2024 02 16, 03:21:14, 16.0
2024 02 16, 03:21:16, 16.0
2024 02 16, 03:21:18, 15.937
2024 02 16, 03:21:20, 15.937
2024 02 16, 03:21:22, 15.937
2024 02 16, 03:21:24, 16.0
2024 02 16, 03:21:26, 15.937
2024 02 16, 03:21:28, 16.0
2024 02 16, 03:21:30, 16.0
2024 02 16, 03:21:32, 15.937
2024 02 16, 03:21:34, 15.937
2024 02 16, 03:21:36, 16.0
2024 02 16, 03:21:37, 15.937
2024 02 16, 03:21:39, 16.0
2024 02 16, 03:21:41, 15.937
2024 02 16, 03:21:43, 16.0
2024 02 16, 03:21:45, 15.937
2024 02 16, 03:21:47, 15.937
2024 02 16, 03:21:49, 16.0
2024 02 16, 03:21:51, 16.0
2024 02 16, 03:21:53, 15.937
2024 02 16, 03:21:55, 15.937
2024 02 16, 03:21:57, 15.937
2024 02 16, 03:21:59, 15.937
2024 02 16, 03:22:00, 15.937
2024 02 16, 03:22:02, 15.937
2024 02 16, 03:22:04, 15.937
2024 02 16, 03:22:06, 15.937
2024 02 16, 03:22:08, 15.937
2024 02 16, 03:22:10, 15.937
2024 02 16, 03:22:12, 15.937
2024 02 16, 03:22:14, 15.937
2024 02 16, 03:22:16, 15.937
2024 02 16, 03:22:18, 15.937
2024 02 16, 03:22:20, 15.937
2024 02 16, 03:22:22, 15.937
2024 02 16, 03:22:24, 15.937
2024 02 16, 03:22:25, 15.937
2024 02 16, 03:22:27, 16.0
2024 02 16, 03:22:29, 15.937
2024 02 16, 03:22:31, 15.937
2024 02 16, 03:22:33, 15.937
2024 02 16, 03:22:35, 15.937
2024 02 16, 03:22:37, 15.937
2024 02 16, 03:22:39, 15.937
2024 02 16, 03:22:41, 15.937
2024 02 16, 03:22:43, 15.937
2024 02 16, 03:22:45, 15.937
2024 02 16, 03:22:47, 15.937
2024 02 16, 03:22:48, 15.937
2024 02 16, 03:22:50, 15.937
2024 02 16, 03:22:52, 15.937
2024 02 16, 03:22:54, 15.937
2024 02 16, 03:22:56, 15.937
2024 02 16, 03:22:58, 15.937
2024 02 16, 03:23:00, 15.937
2024 02 16, 03:23:02, 15.937
2024 02 16, 03:23:04, 15.937
2024 02 16, 03:23:06, 15.937
2024 02 16, 03:23:08, 15.937
2024 02 16, 03:23:10, 15.937
2024 02 16, 03:23:12, 15.937
2024 02 16, 03:23:13, 15.937
2024 02 16, 03:23:15, 15.937
2024 02 16, 03:23:17, 15.937
2024 02 16, 03:23:19, 15.937
2024 02 16, 03:23:21, 15.937
2024 02 16, 03:23:23, 15.937
2024 02 16, 03:23:25, 15.937
2024 02 16, 03:23:27, 15.937
2024 02 16, 03:23:29, 15.937
2024 02 16, 03:23:31, 15.937
2024 02 16, 03:23:33, 15.937
2024 02 16, 03:23:35, 15.875
2024 02 16, 03:23:36, 15.937
2024 02 16, 03:23:38, 15.937
2024 02 16, 03:23:40, 15.937
2024 02 16, 03:23:42, 15.875
2024 02 16, 03:23:44, 15.937
2024 02 16, 03:23:46, 15.937
2024 02 16, 03:23:48, 15.937
2024 02 16, 03:23:50, 15.937
2024 02 16, 03:23:52, 15.937
2024 02 16, 03:23:54, 15.937
2024 02 16, 03:23:56, 15.937
2024 02 16, 03:23:58, 15.937
2024 02 16, 03:24:00, 15.937
2024 02 16, 03:24:01, 15.875
2024 02 16, 03:24:03, 15.937
2024 02 16, 03:24:05, 15.937
2024 02 16, 03:24:07, 15.937
2024 02 16, 03:24:09, 15.937
2024 02 16, 03:24:11, 15.937
2024 02 16, 03:24:13, 15.937
2024 02 16, 03:24:15, 15.875
2024 02 16, 03:24:17, 15.875
2024 02 16, 03:24:19, 15.937
2024 02 16, 03:24:21, 15.875
2024 02 16, 03:24:23, 15.875
2024 02 16, 03:24:24, 15.937
2024 02 16, 03:24:26, 15.937
2024 02 16, 03:24:28, 15.937
2024 02 16, 03:24:30, 15.875
2024 02 16, 03:24:32, 15.937
2024 02 16, 03:24:34, 15.937
2024 02 16, 03:24:36, 15.937
2024 02 16, 03:24:38, 15.937
2024 02 16, 03:24:40, 15.937
2024 02 16, 03:24:42, 15.937
2024 02 16, 03:24:44, 15.937
2024 02 16, 03:24:46, 15.937
2024 02 16, 03:24:48, 15.937
2024 02 16, 03:24:49, 15.937
2024 02 16, 03:24:51, 15.937
2024 02 16, 03:24:53, 15.875
2024 02 16, 03:24:55, 15.937
2024 02 16, 03:24:57, 15.937
2024 02 16, 03:24:59, 15.937
2024 02 16, 03:25:01, 15.937
2024 02 16, 03:25:03, 15.937
2024 02 16, 03:25:05, 15.937
2024 02 16, 03:25:07, 15.875
2024 02 16, 03:25:09, 15.937
2024 02 16, 03:25:11, 15.937
2024 02 16, 03:25:12, 15.937
2024 02 16, 03:25:14, 15.937
2024 02 16, 03:25:16, 15.937
2024 02 16, 03:25:18, 15.937
2024 02 16, 03:25:20, 15.937
2024 02 16, 03:25:22, 15.937
2024 02 16, 03:25:24, 15.875
2024 02 16, 03:25:26, 15.875
2024 02 16, 03:25:28, 15.875
2024 02 16, 03:25:30, 15.937
2024 02 16, 03:25:32, 15.875
2024 02 16, 03:25:34, 15.937
2024 02 16, 03:25:36, 15.937
2024 02 16, 03:25:37, 15.875
2024 02 16, 03:25:39, 15.937
2024 02 16, 03:25:41, 15.875
2024 02 16, 03:25:43, 15.875
2024 02 16, 03:25:45, 15.937
2024 02 16, 03:25:47, 15.937
2024 02 16, 03:25:49, 15.937
2024 02 16, 03:25:51, 15.937
2024 02 16, 03:25:53, 15.937
2024 02 16, 03:25:55, 15.875
2024 02 16, 03:25:57, 15.875
2024 02 16, 03:25:59, 15.937
2024 02 16, 03:26:00, 15.875
2024 02 16, 03:26:02, 15.875
2024 02 16, 03:26:04, 15.875
2024 02 16, 03:26:06, 15.875
2024 02 16, 03:26:08, 15.937
2024 02 16, 03:26:10, 15.875
2024 02 16, 03:26:12, 15.937
2024 02 16, 03:26:14, 15.875
2024 02 16, 03:26:16, 15.937
2024 02 16, 03:26:18, 15.875
2024 02 16, 03:26:20, 15.875
2024 02 16, 03:26:22, 15.875
2024 02 16, 03:26:24, 15.875
2024 02 16, 03:26:25, 15.875
2024 02 16, 03:26:27, 15.875
2024 02 16, 03:26:29, 15.875
2024 02 16, 03:26:31, 15.875
2024 02 16, 03:26:33, 15.875
2024 02 16, 03:26:35, 15.875
2024 02 16, 03:26:37, 15.875
2024 02 16, 03:26:39, 15.875
2024 02 16, 03:26:41, 15.875
2024 02 16, 03:26:43, 15.875
2024 02 16, 03:26:45, 15.937
2024 02 16, 03:26:47, 15.875
2024 02 16, 03:26:48, 15.875
2024 02 16, 03:26:50, 15.875
2024 02 16, 03:26:52, 15.875
2024 02 16, 03:26:54, 15.875
2024 02 16, 03:26:56, 15.875
2024 02 16, 03:26:58, 15.875
2024 02 16, 03:27:00, 15.875
