2024 02 16, 04:11:21, 15.937
2024 02 16, 04:11:23, 16.0
2024 02 16, 04:11:25, 16.062
2024 02 16, 04:11:27, 16.062
2024 02 16, 04:11:29, 16.0
2024 02 16, 04:11:31, 16.062
2024 02 16, 04:11:33, 16.062
2024 02 16, 04:11:35, 16.062
2024 02 16, 04:11:37, 16.062
2024 02 16, 04:11:38, 16.062
2024 02 16, 04:11:40, 16.062
2024 02 16, 04:11:42, 16.062
2024 02 16, 04:11:44, 16.062
2024 02 16, 04:11:46, 16.062
2024 02 16, 04:11:48, 16.062
2024 02 16, 04:11:50, 16.062
2024 02 16, 04:11:52, 16.062
2024 02 16, 04:11:54, 16.062
2024 02 16, 04:11:56, 16.0
2024 02 16, 04:11:58, 16.062
2024 02 16, 04:12:00, 16.062
2024 02 16, 04:12:02, 16.062
2024 02 16, 04:12:03, 16.062
2024 02 16, 04:12:05, 16.062
2024 02 16, 04:12:07, 16.062
2024 02 16, 04:12:09, 16.062
2024 02 16, 04:12:11, 16.062
2024 02 16, 04:12:13, 16.062
2024 02 16, 04:12:15, 16.062
2024 02 16, 04:12:17, 16.062
2024 02 16, 04:12:19, 16.062
2024 02 16, 04:12:21, 16.062
2024 02 16, 04:12:23, 16.062
2024 02 16, 04:12:25, 16.062
2024 02 16, 04:12:26, 16.062
2024 02 16, 04:12:28, 16.062
2024 02 16, 04:12:30, 16.062
2024 02 16, 04:12:32, 16.062
2024 02 16, 04:12:34, 16.062
2024 02 16, 04:12:36, 16.062
2024 02 16, 04:12:38, 16.062
2024 02 16, 04:12:40, 16.062
2024 02 16, 04:12:42, 16.062
2024 02 16, 04:12:44, 16.125
2024 02 16, 04:12:46, 16.062
2024 02 16, 04:12:48, 16.062
2024 02 16, 04:12:50, 16.062
2024 02 16, 04:12:51, 16.062
2024 02 16, 04:12:53, 16.125
2024 02 16, 04:12:55, 16.062
2024 02 16, 04:12:57, 16.125
2024 02 16, 04:12:59, 16.062
2024 02 16, 04:13:01, 16.125
2024 02 16, 04:13:03, 16.125
2024 02 16, 04:13:05, 16.062
2024 02 16, 04:13:07, 16.062
2024 02 16, 04:13:09, 16.062
2024 02 16, 04:13:11, 16.062
2024 02 16, 04:13:13, 16.062
2024 02 16, 04:13:14, 16.062
2024 02 16, 04:13:16, 16.062
2024 02 16, 04:13:18, 16.125
2024 02 16, 04:13:20, 16.125
2024 02 16, 04:13:22, 16.062
2024 02 16, 04:13:24, 16.125
2024 02 16, 04:13:26, 16.062
2024 02 16, 04:13:28, 16.062
2024 02 16, 04:13:30, 16.062
2024 02 16, 04:13:32, 16.062
2024 02 16, 04:13:34, 16.062
2024 02 16, 04:13:36, 16.062
2024 02 16, 04:13:38, 16.062
2024 02 16, 04:13:39, 16.125
2024 02 16, 04:13:41, 16.125
2024 02 16, 04:13:43, 16.125
2024 02 16, 04:13:45, 16.125
2024 02 16, 04:13:47, 16.125
2024 02 16, 04:13:49, 16.125
2024 02 16, 04:13:51, 16.125
2024 02 16, 04:13:53, 16.125
2024 02 16, 04:13:55, 16.125
2024 02 16, 04:13:57, 16.125
2024 02 16, 04:13:59, 16.125
2024 02 16, 04:14:01, 16.125
2024 02 16, 04:14:02, 16.062
2024 02 16, 04:14:04, 16.125
2024 02 16, 04:14:06, 16.125
2024 02 16, 04:14:08, 16.125
2024 02 16, 04:14:10, 16.125
2024 02 16, 04:14:12, 16.125
2024 02 16, 04:14:14, 16.125
2024 02 16, 04:14:16, 16.125
2024 02 16, 04:14:18, 16.125
2024 02 16, 04:14:20, 16.125
2024 02 16, 04:14:22, 16.125
2024 02 16, 04:14:24, 16.125
2024 02 16, 04:14:26, 16.125
2024 02 16, 04:14:27, 16.125
2024 02 16, 04:14:29, 16.125
2024 02 16, 04:14:31, 16.125
2024 02 16, 04:14:33, 16.125
2024 02 16, 04:14:35, 16.125
2024 02 16, 04:14:37, 16.125
2024 02 16, 04:14:39, 16.125
2024 02 16, 04:14:41, 16.125
2024 02 16, 04:14:43, 16.125
2024 02 16, 04:14:45, 16.125
2024 02 16, 04:14:47, 16.125
2024 02 16, 04:14:49, 16.125
2024 02 16, 04:14:50, 16.125
2024 02 16, 04:14:52, 16.125
2024 02 16, 04:14:54, 16.125
2024 02 16, 04:14:56, 16.125
2024 02 16, 04:14:58, 16.125
2024 02 16, 04:15:00, 16.125
2024 02 16, 04:15:02, 16.125
2024 02 16, 04:15:04, 16.125
2024 02 16, 04:15:06, 16.125
2024 02 16, 04:15:08, 16.125
2024 02 16, 04:15:10, 16.125
2024 02 16, 04:15:12, 16.125
2024 02 16, 04:15:14, 16.125
2024 02 16, 04:15:15, 16.125
2024 02 16, 04:15:17, 16.125
2024 02 16, 04:15:19, 16.125
2024 02 16, 04:15:21, 16.125
2024 02 16, 04:15:23, 16.125
2024 02 16, 04:15:25, 16.125
2024 02 16, 04:15:27, 16.125
2024 02 16, 04:15:29, 16.125
2024 02 16, 04:15:31, 16.125
2024 02 16, 04:15:33, 16.125
2024 02 16, 04:15:35, 16.125
2024 02 16, 04:15:37, 16.125
2024 02 16, 04:15:38, 16.125
2024 02 16, 04:15:40, 16.125
2024 02 16, 04:15:42, 16.125
2024 02 16, 04:15:44, 16.187
2024 02 16, 04:15:46, 16.125
2024 02 16, 04:15:48, 16.125
2024 02 16, 04:15:50, 16.125
2024 02 16, 04:15:52, 16.125
2024 02 16, 04:15:54, 16.125
2024 02 16, 04:15:56, 16.125
2024 02 16, 04:15:58, 16.125
2024 02 16, 04:16:00, 16.125
2024 02 16, 04:16:02, 16.125
2024 02 16, 04:16:03, 16.125
2024 02 16, 04:16:05, 16.125
2024 02 16, 04:16:07, 16.125
2024 02 16, 04:16:09, 16.125
2024 02 16, 04:16:11, 16.125
2024 02 16, 04:16:13, 16.125
2024 02 16, 04:16:15, 16.125
2024 02 16, 04:16:17, 16.125
2024 02 16, 04:16:19, 16.125
2024 02 16, 04:16:21, 16.125
2024 02 16, 04:16:23, 16.125
2024 02 16, 04:16:25, 16.125
2024 02 16, 04:16:26, 16.125
2024 02 16, 04:16:28, 16.125
2024 02 16, 04:16:30, 16.125
2024 02 16, 04:16:32, 16.125
2024 02 16, 04:16:34, 16.125
2024 02 16, 04:16:36, 16.125
2024 02 16, 04:16:38, 16.125
2024 02 16, 04:16:40, 16.125
2024 02 16, 04:16:42, 16.125
2024 02 16, 04:16:44, 16.125
2024 02 16, 04:16:46, 16.125
2024 02 16, 04:16:48, 16.125
2024 02 16, 04:16:50, 16.125
2024 02 16, 04:16:51, 16.125
2024 02 16, 04:16:53, 16.125
2024 02 16, 04:16:55, 16.125
2024 02 16, 04:16:57, 16.125
2024 02 16, 04:16:59, 16.125
2024 02 16, 04:17:01, 16.062
2024 02 16, 04:17:03, 16.125
2024 02 16, 04:17:05, 16.125
2024 02 16, 04:17:07, 16.125
2024 02 16, 04:17:09, 16.125
2024 02 16, 04:17:11, 16.125
2024 02 16, 04:17:13, 16.125
2024 02 16, 04:17:14, 16.125
2024 02 16, 04:17:16, 16.125
2024 02 16, 04:17:18, 16.125
2024 02 16, 04:17:20, 16.125
2024 02 16, 04:17:22, 16.125
2024 02 16, 04:17:24, 16.125
2024 02 16, 04:17:26, 16.125
2024 02 16, 04:17:28, 16.125
2024 02 16, 04:17:30, 16.125
2024 02 16, 04:17:32, 16.125
2024 02 16, 04:17:34, 16.125
2024 02 16, 04:17:36, 16.125
2024 02 16, 04:17:38, 16.125
2024 02 16, 04:17:39, 16.125
2024 02 16, 04:17:41, 16.125
2024 02 16, 04:17:43, 16.125
2024 02 16, 04:17:45, 16.125
2024 02 16, 04:17:47, 16.125
2024 02 16, 04:17:49, 16.125
2024 02 16, 04:17:51, 16.125
2024 02 16, 04:17:53, 16.125
2024 02 16, 04:17:55, 16.125
2024 02 16, 04:17:57, 16.125
2024 02 16, 04:17:59, 16.125
2024 02 16, 04:18:01, 16.125
2024 02 16, 04:18:02, 16.125
2024 02 16, 04:18:04, 16.125
2024 02 16, 04:18:06, 16.125
2024 02 16, 04:18:08, 16.125
2024 02 16, 04:18:10, 16.187
2024 02 16, 04:18:12, 16.125
2024 02 16, 04:18:14, 16.125
2024 02 16, 04:18:16, 16.125
2024 02 16, 04:18:18, 16.125
2024 02 16, 04:18:20, 16.125
2024 02 16, 04:18:22, 16.187
2024 02 16, 04:18:24, 16.125
2024 02 16, 04:18:26, 16.125
2024 02 16, 04:18:27, 16.125
2024 02 16, 04:18:29, 16.125
2024 02 16, 04:18:31, 16.125
2024 02 16, 04:18:33, 16.125
2024 02 16, 04:18:35, 16.125
2024 02 16, 04:18:37, 16.125
2024 02 16, 04:18:39, 16.187
2024 02 16, 04:18:41, 16.187
2024 02 16, 04:18:43, 16.125
2024 02 16, 04:18:45, 16.125
2024 02 16, 04:18:47, 16.125
2024 02 16, 04:18:49, 16.125
2024 02 16, 04:18:50, 16.125
2024 02 16, 04:18:52, 16.125
2024 02 16, 04:18:54, 16.125
2024 02 16, 04:18:56, 16.125
2024 02 16, 04:18:58, 16.187
2024 02 16, 04:19:00, 16.125
2024 02 16, 04:19:02, 16.125
2024 02 16, 04:19:04, 16.125
2024 02 16, 04:19:06, 16.125
2024 02 16, 04:19:08, 16.187
2024 02 16, 04:19:10, 16.125
2024 02 16, 04:19:12, 16.125
2024 02 16, 04:19:14, 16.125
2024 02 16, 04:19:15, 16.187
2024 02 16, 04:19:17, 16.187
2024 02 16, 04:19:19, 16.125
2024 02 16, 04:19:21, 16.125
2024 02 16, 04:19:23, 16.187
2024 02 16, 04:19:25, 16.125
2024 02 16, 04:19:27, 16.125
2024 02 16, 04:19:29, 16.125
2024 02 16, 04:19:31, 16.187
2024 02 16, 04:19:33, 16.187
2024 02 16, 04:19:35, 16.125
2024 02 16, 04:19:37, 16.125
2024 02 16, 04:19:38, 16.187
2024 02 16, 04:19:40, 16.125
2024 02 16, 04:19:42, 16.187
2024 02 16, 04:19:44, 16.187
2024 02 16, 04:19:46, 16.187
2024 02 16, 04:19:48, 16.125
2024 02 16, 04:19:50, 16.125
2024 02 16, 04:19:52, 16.125
2024 02 16, 04:19:54, 16.125
2024 02 16, 04:19:56, 16.187
2024 02 16, 04:19:58, 16.125
2024 02 16, 04:20:00, 16.187
2024 02 16, 04:20:02, 16.125
2024 02 16, 04:20:03, 16.125
2024 02 16, 04:20:05, 16.187
2024 02 16, 04:20:07, 16.125
2024 02 16, 04:20:09, 16.187
2024 02 16, 04:20:11, 16.187
2024 02 16, 04:20:13, 16.125
2024 02 16, 04:20:15, 16.125
2024 02 16, 04:20:17, 16.125
2024 02 16, 04:20:19, 16.125
2024 02 16, 04:20:21, 16.125
2024 02 16, 04:20:23, 16.125
2024 02 16, 04:20:25, 16.125
2024 02 16, 04:20:26, 16.125
2024 02 16, 04:20:28, 16.125
2024 02 16, 04:20:30, 16.125
2024 02 16, 04:20:32, 16.125
2024 02 16, 04:20:34, 16.125
2024 02 16, 04:20:36, 16.187
2024 02 16, 04:20:38, 16.125
2024 02 16, 04:20:40, 16.187
2024 02 16, 04:20:42, 16.187
2024 02 16, 04:20:44, 16.125
2024 02 16, 04:20:46, 16.187
2024 02 16, 04:20:48, 16.187
2024 02 16, 04:20:50, 16.125
2024 02 16, 04:20:51, 16.125
2024 02 16, 04:20:53, 16.187
2024 02 16, 04:20:55, 16.187
2024 02 16, 04:20:57, 16.125
2024 02 16, 04:20:59, 16.125
2024 02 16, 04:21:01, 16.125
2024 02 16, 04:21:03, 16.125
2024 02 16, 04:21:05, 16.125
2024 02 16, 04:21:07, 16.125
2024 02 16, 04:21:09, 16.125
2024 02 16, 04:21:11, 16.125
2024 02 16, 04:21:13, 16.125
2024 02 16, 04:21:14, 16.125
2024 02 16, 04:21:16, 16.125
2024 02 16, 04:21:18, 16.125
2024 02 16, 04:21:20, 16.125
2024 02 16, 04:21:22, 16.125
2024 02 16, 04:21:24, 16.125
2024 02 16, 04:21:26, 16.125
2024 02 16, 04:21:28, 16.125
2024 02 16, 04:21:30, 16.125
2024 02 16, 04:21:32, 16.125
2024 02 16, 04:21:34, 16.125
2024 02 16, 04:21:36, 16.125
2024 02 16, 04:21:38, 16.125
2024 02 16, 04:21:39, 16.125
2024 02 16, 04:21:41, 16.125
2024 02 16, 04:21:43, 16.125
2024 02 16, 04:21:45, 16.125
2024 02 16, 04:21:47, 16.125
2024 02 16, 04:21:49, 16.125
2024 02 16, 04:21:51, 16.125
2024 02 16, 04:21:53, 16.125
2024 02 16, 04:21:55, 16.125
2024 02 16, 04:21:57, 16.125
2024 02 16, 04:21:59, 16.125
2024 02 16, 04:22:01, 16.125
2024 02 16, 04:22:02, 16.125
2024 02 16, 04:22:04, 16.125
2024 02 16, 04:22:06, 16.125
2024 02 16, 04:22:08, 16.125
2024 02 16, 04:22:10, 16.125
2024 02 16, 04:22:12, 16.125
2024 02 16, 04:22:14, 16.125
2024 02 16, 04:22:16, 16.125
2024 02 16, 04:22:18, 16.125
2024 02 16, 04:22:20, 16.125
2024 02 16, 04:22:22, 16.125
2024 02 16, 04:22:24, 16.125
2024 02 16, 04:22:26, 16.125
2024 02 16, 04:22:27, 16.125
2024 02 16, 04:22:29, 16.125
2024 02 16, 04:22:31, 16.125
2024 02 16, 04:22:33, 16.125
2024 02 16, 04:22:35, 16.125
2024 02 16, 04:22:37, 16.125
2024 02 16, 04:22:39, 16.125
2024 02 16, 04:22:41, 16.125
2024 02 16, 04:22:43, 16.125
2024 02 16, 04:22:45, 16.125
2024 02 16, 04:22:47, 16.125
2024 02 16, 04:22:49, 16.125
2024 02 16, 04:22:50, 16.125
2024 02 16, 04:22:52, 16.125
2024 02 16, 04:22:54, 16.125
2024 02 16, 04:22:56, 16.125
2024 02 16, 04:22:58, 16.125
2024 02 16, 04:23:00, 16.125
2024 02 16, 04:23:02, 16.125
2024 02 16, 04:23:04, 16.125
2024 02 16, 04:23:06, 16.125
2024 02 16, 04:23:08, 16.125
2024 02 16, 04:23:10, 16.125
2024 02 16, 04:23:12, 16.125
2024 02 16, 04:23:14, 16.125
2024 02 16, 04:23:15, 16.125
2024 02 16, 04:23:17, 16.125
2024 02 16, 04:23:19, 16.125
2024 02 16, 04:23:21, 16.125
2024 02 16, 04:23:23, 16.125
2024 02 16, 04:23:25, 16.125
2024 02 16, 04:23:27, 16.125
2024 02 16, 04:23:29, 16.125
2024 02 16, 04:23:31, 16.062
2024 02 16, 04:23:33, 16.062
2024 02 16, 04:23:35, 16.125
2024 02 16, 04:23:37, 16.125
2024 02 16, 04:23:38, 16.125
2024 02 16, 04:23:40, 16.125
2024 02 16, 04:23:42, 16.125
2024 02 16, 04:23:44, 16.062
2024 02 16, 04:23:46, 16.125
2024 02 16, 04:23:48, 16.125
2024 02 16, 04:23:50, 16.125
2024 02 16, 04:23:52, 16.125
2024 02 16, 04:23:54, 16.062
2024 02 16, 04:23:56, 16.125
2024 02 16, 04:23:58, 16.125
2024 02 16, 04:24:00, 16.125
2024 02 16, 04:24:02, 16.125
2024 02 16, 04:24:03, 16.125
2024 02 16, 04:24:05, 16.125
2024 02 16, 04:24:07, 16.125
2024 02 16, 04:24:09, 16.125
2024 02 16, 04:24:11, 16.125
2024 02 16, 04:24:13, 16.125
2024 02 16, 04:24:15, 16.125
2024 02 16, 04:24:17, 16.125
2024 02 16, 04:24:19, 16.125
2024 02 16, 04:24:21, 16.125
2024 02 16, 04:24:23, 16.062
2024 02 16, 04:24:25, 16.062
2024 02 16, 04:24:26, 16.062
2024 02 16, 04:24:28, 16.125
2024 02 16, 04:24:30, 16.062
2024 02 16, 04:24:32, 16.062
2024 02 16, 04:24:34, 16.062
2024 02 16, 04:24:36, 16.062
2024 02 16, 04:24:38, 16.062
2024 02 16, 04:24:40, 16.062
2024 02 16, 04:24:42, 16.062
2024 02 16, 04:24:44, 16.125
2024 02 16, 04:24:46, 16.125
2024 02 16, 04:24:48, 16.125
2024 02 16, 04:24:50, 16.062
2024 02 16, 04:24:51, 16.125
2024 02 16, 04:24:53, 16.062
2024 02 16, 04:24:55, 16.062
2024 02 16, 04:24:57, 16.062
2024 02 16, 04:24:59, 16.062
2024 02 16, 04:25:01, 16.062
2024 02 16, 04:25:03, 16.062
2024 02 16, 04:25:05, 16.062
2024 02 16, 04:25:07, 16.062
2024 02 16, 04:25:09, 16.062
2024 02 16, 04:25:11, 16.062
2024 02 16, 04:25:13, 16.062
2024 02 16, 04:25:14, 16.062
2024 02 16, 04:25:16, 16.062
2024 02 16, 04:25:18, 16.062
2024 02 16, 04:25:20, 16.062
2024 02 16, 04:25:22, 16.062
2024 02 16, 04:25:24, 16.062
2024 02 16, 04:25:26, 16.062
2024 02 16, 04:25:28, 16.062
2024 02 16, 04:25:30, 16.062
2024 02 16, 04:25:32, 16.062
2024 02 16, 04:25:34, 16.062
2024 02 16, 04:25:36, 16.125
2024 02 16, 04:25:38, 16.062
2024 02 16, 04:25:39, 16.125
2024 02 16, 04:25:41, 16.125
2024 02 16, 04:25:43, 16.062
2024 02 16, 04:25:45, 16.125
2024 02 16, 04:25:47, 16.125
2024 02 16, 04:25:49, 16.062
2024 02 16, 04:25:51, 16.062
2024 02 16, 04:25:53, 16.062
2024 02 16, 04:25:55, 16.062
2024 02 16, 04:25:57, 16.062
2024 02 16, 04:25:59, 16.062
2024 02 16, 04:26:01, 16.125
2024 02 16, 04:26:02, 16.062
2024 02 16, 04:26:04, 16.062
2024 02 16, 04:26:06, 16.062
2024 02 16, 04:26:08, 16.062
2024 02 16, 04:26:10, 16.062
2024 02 16, 04:26:12, 16.062
2024 02 16, 04:26:14, 16.062
2024 02 16, 04:26:16, 16.062
2024 02 16, 04:26:18, 16.062
2024 02 16, 04:26:20, 16.062
2024 02 16, 04:26:22, 16.062
2024 02 16, 04:26:24, 16.125
2024 02 16, 04:26:26, 16.125
2024 02 16, 04:26:27, 16.125
2024 02 16, 04:26:29, 16.062
2024 02 16, 04:26:31, 16.062
2024 02 16, 04:26:33, 16.062
2024 02 16, 04:26:35, 16.062
2024 02 16, 04:26:37, 16.062
2024 02 16, 04:26:39, 16.062
2024 02 16, 04:26:41, 16.062
2024 02 16, 04:26:43, 16.062
2024 02 16, 04:26:45, 16.062
2024 02 16, 04:26:47, 16.062
2024 02 16, 04:26:49, 16.062
2024 02 16, 04:26:50, 16.062
2024 02 16, 04:26:52, 16.062
2024 02 16, 04:26:54, 16.062
2024 02 16, 04:26:56, 16.062
2024 02 16, 04:26:58, 16.062
2024 02 16, 04:27:00, 16.062
2024 02 16, 04:27:02, 16.062
2024 02 16, 04:27:04, 16.062
2024 02 16, 04:27:06, 16.062
2024 02 16, 04:27:08, 16.062
2024 02 16, 04:27:10, 16.125
2024 02 16, 04:27:12, 16.062
2024 02 16, 04:27:14, 16.062
2024 02 16, 04:27:15, 16.062
2024 02 16, 04:27:17, 16.062
2024 02 16, 04:27:19, 16.062
2024 02 16, 04:27:21, 16.062
2024 02 16, 04:27:23, 16.062
2024 02 16, 04:27:25, 16.062
2024 02 16, 04:27:27, 16.062
2024 02 16, 04:27:29, 16.125
2024 02 16, 04:27:31, 16.062
2024 02 16, 04:27:33, 16.062
2024 02 16, 04:27:35, 16.125
2024 02 16, 04:27:37, 16.125
2024 02 16, 04:27:38, 16.125
2024 02 16, 04:27:40, 16.125
2024 02 16, 04:27:42, 16.125
2024 02 16, 04:27:44, 16.125
2024 02 16, 04:27:46, 16.125
2024 02 16, 04:27:48, 16.125
2024 02 16, 04:27:50, 16.125
2024 02 16, 04:27:52, 16.062
2024 02 16, 04:27:54, 16.125
2024 02 16, 04:27:56, 16.125
2024 02 16, 04:27:58, 16.125
2024 02 16, 04:28:00, 16.062
2024 02 16, 04:28:02, 16.125
2024 02 16, 04:28:03, 16.125
2024 02 16, 04:28:05, 16.125
2024 02 16, 04:28:07, 16.125
2024 02 16, 04:28:09, 16.125
2024 02 16, 04:28:11, 16.125
2024 02 16, 04:28:13, 16.125
2024 02 16, 04:28:15, 16.125
2024 02 16, 04:28:17, 16.062
2024 02 16, 04:28:19, 16.062
2024 02 16, 04:28:21, 16.062
2024 02 16, 04:28:23, 16.062
2024 02 16, 04:28:25, 16.062
2024 02 16, 04:28:26, 16.125
2024 02 16, 04:28:28, 16.125
2024 02 16, 04:28:30, 16.125
2024 02 16, 04:28:32, 16.062
2024 02 16, 04:28:34, 16.062
2024 02 16, 04:28:36, 16.125
2024 02 16, 04:28:38, 16.062
2024 02 16, 04:28:40, 16.062
2024 02 16, 04:28:42, 16.062
2024 02 16, 04:28:44, 16.062
2024 02 16, 04:28:46, 16.062
2024 02 16, 04:28:48, 16.062
2024 02 16, 04:28:50, 16.125
2024 02 16, 04:28:51, 16.062
2024 02 16, 04:28:53, 16.062
2024 02 16, 04:28:55, 16.062
2024 02 16, 04:28:57, 16.062
2024 02 16, 04:28:59, 16.062
2024 02 16, 04:29:01, 16.062
2024 02 16, 04:29:03, 16.062
2024 02 16, 04:29:05, 16.062
2024 02 16, 04:29:07, 16.062
2024 02 16, 04:29:09, 16.062
2024 02 16, 04:29:11, 16.062
2024 02 16, 04:29:13, 16.062
2024 02 16, 04:29:14, 16.062
2024 02 16, 04:29:16, 16.062
2024 02 16, 04:29:18, 16.062
2024 02 16, 04:29:20, 16.062
2024 02 16, 04:29:22, 16.062
2024 02 16, 04:29:24, 16.062
2024 02 16, 04:29:26, 16.062
2024 02 16, 04:29:28, 16.062
2024 02 16, 04:29:30, 16.062
2024 02 16, 04:29:32, 16.062
2024 02 16, 04:29:34, 16.062
2024 02 16, 04:29:36, 16.062
2024 02 16, 04:29:38, 16.062
2024 02 16, 04:29:39, 16.062
2024 02 16, 04:29:41, 16.062
2024 02 16, 04:29:43, 16.062
2024 02 16, 04:29:45, 16.062
2024 02 16, 04:29:47, 16.062
2024 02 16, 04:29:49, 16.0
2024 02 16, 04:29:51, 16.0
2024 02 16, 04:29:53, 16.0
2024 02 16, 04:29:55, 16.0
2024 02 16, 04:29:57, 16.0
2024 02 16, 04:29:59, 16.0
2024 02 16, 04:30:01, 16.0
2024 02 16, 04:30:02, 16.062
2024 02 16, 04:30:04, 16.0
2024 02 16, 04:30:06, 16.062
2024 02 16, 04:30:08, 16.0
2024 02 16, 04:30:10, 16.0
2024 02 16, 04:30:12, 16.0
2024 02 16, 04:30:14, 16.0
2024 02 16, 04:30:16, 16.0
2024 02 16, 04:30:18, 16.0
2024 02 16, 04:30:20, 16.062
2024 02 16, 04:30:22, 16.062
2024 02 16, 04:30:24, 16.062
2024 02 16, 04:30:26, 16.062
2024 02 16, 04:30:27, 16.0
2024 02 16, 04:30:29, 16.062
2024 02 16, 04:30:31, 16.0
2024 02 16, 04:30:33, 16.062
2024 02 16, 04:30:35, 16.062
2024 02 16, 04:30:37, 16.062
2024 02 16, 04:30:39, 16.062
2024 02 16, 04:30:41, 16.062
2024 02 16, 04:30:43, 16.062
2024 02 16, 04:30:45, 16.0
2024 02 16, 04:30:47, 16.0
2024 02 16, 04:30:49, 16.0
2024 02 16, 04:30:50, 16.0
2024 02 16, 04:30:52, 16.0
2024 02 16, 04:30:54, 16.0
2024 02 16, 04:30:56, 16.0
2024 02 16, 04:30:58, 16.0
2024 02 16, 04:31:00, 16.0
2024 02 16, 04:31:02, 16.0
2024 02 16, 04:31:04, 16.0
2024 02 16, 04:31:06, 16.0
2024 02 16, 04:31:08, 16.0
2024 02 16, 04:31:10, 16.0
2024 02 16, 04:31:12, 16.0
2024 02 16, 04:31:14, 16.0
2024 02 16, 04:31:15, 16.0
2024 02 16, 04:31:17, 16.0
2024 02 16, 04:31:19, 16.0
2024 02 16, 04:31:21, 16.0
2024 02 16, 04:31:23, 16.0
2024 02 16, 04:31:25, 16.0
2024 02 16, 04:31:27, 16.062
2024 02 16, 04:31:29, 16.0
2024 02 16, 04:31:31, 16.0
2024 02 16, 04:31:33, 16.062
2024 02 16, 04:31:35, 16.0
2024 02 16, 04:31:37, 16.062
2024 02 16, 04:31:38, 16.0
2024 02 16, 04:31:40, 16.062
2024 02 16, 04:31:42, 16.0
2024 02 16, 04:31:44, 16.0
2024 02 16, 04:31:46, 16.0
2024 02 16, 04:31:48, 16.0
2024 02 16, 04:31:50, 16.0
2024 02 16, 04:31:52, 16.0
2024 02 16, 04:31:54, 16.0
2024 02 16, 04:31:56, 16.0
2024 02 16, 04:31:58, 16.0
2024 02 16, 04:32:00, 16.0
2024 02 16, 04:32:02, 16.0
2024 02 16, 04:32:03, 16.0
2024 02 16, 04:32:05, 16.0
2024 02 16, 04:32:07, 16.0
2024 02 16, 04:32:09, 16.0
2024 02 16, 04:32:11, 16.0
2024 02 16, 04:32:13, 16.062
2024 02 16, 04:32:15, 16.062
2024 02 16, 04:32:17, 16.0
2024 02 16, 04:32:19, 16.0
2024 02 16, 04:32:21, 16.0
2024 02 16, 04:32:23, 16.0
2024 02 16, 04:32:25, 16.062
2024 02 16, 04:32:26, 16.062
2024 02 16, 04:32:28, 16.0
2024 02 16, 04:32:30, 16.0
2024 02 16, 04:32:32, 16.0
2024 02 16, 04:32:34, 16.0
2024 02 16, 04:32:36, 16.062
2024 02 16, 04:32:38, 16.0
2024 02 16, 04:32:40, 16.0
2024 02 16, 04:32:42, 16.0
2024 02 16, 04:32:44, 16.062
2024 02 16, 04:32:46, 16.0
2024 02 16, 04:32:48, 16.0
2024 02 16, 04:32:50, 16.0
2024 02 16, 04:32:51, 16.0
2024 02 16, 04:32:53, 16.0
2024 02 16, 04:32:55, 16.062
2024 02 16, 04:32:57, 16.0
2024 02 16, 04:32:59, 16.0
2024 02 16, 04:33:01, 16.0
2024 02 16, 04:33:03, 16.0
2024 02 16, 04:33:05, 16.0
2024 02 16, 04:33:07, 16.0
2024 02 16, 04:33:09, 16.0
2024 02 16, 04:33:11, 16.0
2024 02 16, 04:33:13, 16.0
2024 02 16, 04:33:14, 16.0
2024 02 16, 04:33:16, 16.0
2024 02 16, 04:33:18, 16.0
2024 02 16, 04:33:20, 16.0
2024 02 16, 04:33:22, 16.0
2024 02 16, 04:33:24, 16.0
2024 02 16, 04:33:26, 16.0
2024 02 16, 04:33:28, 16.0
2024 02 16, 04:33:30, 16.062
2024 02 16, 04:33:32, 16.0
2024 02 16, 04:33:34, 16.0
2024 02 16, 04:33:36, 16.0
2024 02 16, 04:33:38, 16.0
2024 02 16, 04:33:39, 16.0
2024 02 16, 04:33:41, 16.0
2024 02 16, 04:33:43, 15.937
2024 02 16, 04:33:45, 16.0
2024 02 16, 04:33:47, 16.0
2024 02 16, 04:33:49, 16.0
2024 02 16, 04:33:51, 16.0
2024 02 16, 04:33:53, 16.0
2024 02 16, 04:33:55, 16.0
2024 02 16, 04:33:57, 16.0
2024 02 16, 04:33:59, 16.0
2024 02 16, 04:34:01, 16.0
2024 02 16, 04:34:02, 16.0
2024 02 16, 04:34:04, 16.0
2024 02 16, 04:34:06, 16.0
2024 02 16, 04:34:08, 16.0
2024 02 16, 04:34:10, 16.0
2024 02 16, 04:34:12, 16.0
2024 02 16, 04:34:14, 16.0
2024 02 16, 04:34:16, 16.0
2024 02 16, 04:34:18, 16.0
2024 02 16, 04:34:20, 16.0
2024 02 16, 04:34:22, 16.0
2024 02 16, 04:34:24, 16.0
2024 02 16, 04:34:26, 16.0
2024 02 16, 04:34:27, 16.0
2024 02 16, 04:34:29, 16.0
2024 02 16, 04:34:31, 16.0
2024 02 16, 04:34:33, 16.0
2024 02 16, 04:34:35, 16.0
2024 02 16, 04:34:37, 16.0
2024 02 16, 04:34:39, 16.0
2024 02 16, 04:34:41, 16.0
2024 02 16, 04:34:43, 16.0
2024 02 16, 04:34:45, 16.0
2024 02 16, 04:34:47, 16.0
2024 02 16, 04:34:49, 16.0
2024 02 16, 04:34:50, 16.062
2024 02 16, 04:34:52, 16.0
2024 02 16, 04:34:54, 16.0
2024 02 16, 04:34:56, 16.062
2024 02 16, 04:34:58, 16.0
2024 02 16, 04:35:00, 16.0
2024 02 16, 04:35:02, 16.062
2024 02 16, 04:35:04, 16.0
2024 02 16, 04:35:06, 16.0
2024 02 16, 04:35:08, 16.0
2024 02 16, 04:35:10, 16.0
2024 02 16, 04:35:12, 16.0
2024 02 16, 04:35:14, 16.0
2024 02 16, 04:35:15, 16.0
2024 02 16, 04:35:17, 16.0
2024 02 16, 04:35:19, 16.0
2024 02 16, 04:35:21, 16.0
2024 02 16, 04:35:23, 16.0
2024 02 16, 04:35:25, 16.0
2024 02 16, 04:35:27, 16.0
2024 02 16, 04:35:29, 16.0
2024 02 16, 04:35:31, 16.0
2024 02 16, 04:35:33, 16.0
2024 02 16, 04:35:35, 16.0
2024 02 16, 04:35:37, 16.0
2024 02 16, 04:35:38, 16.0
2024 02 16, 04:35:40, 16.0
2024 02 16, 04:35:42, 16.0
2024 02 16, 04:35:44, 16.0
2024 02 16, 04:35:46, 15.937
2024 02 16, 04:35:48, 16.0
2024 02 16, 04:35:50, 16.0
2024 02 16, 04:35:52, 15.937
2024 02 16, 04:35:54, 16.0
2024 02 16, 04:35:56, 16.0
2024 02 16, 04:35:58, 16.0
2024 02 16, 04:36:00, 16.0
2024 02 16, 04:36:02, 16.0
2024 02 16, 04:36:03, 15.937
2024 02 16, 04:36:05, 15.937
2024 02 16, 04:36:07, 16.0
2024 02 16, 04:36:09, 16.0
2024 02 16, 04:36:11, 16.0
2024 02 16, 04:36:13, 16.0
2024 02 16, 04:36:15, 16.0
2024 02 16, 04:36:17, 16.0
2024 02 16, 04:36:19, 16.0
2024 02 16, 04:36:21, 16.0
2024 02 16, 04:36:23, 16.0
2024 02 16, 04:36:25, 16.0
2024 02 16, 04:36:26, 16.0
2024 02 16, 04:36:28, 16.0
2024 02 16, 04:36:30, 15.937
2024 02 16, 04:36:32, 15.937
2024 02 16, 04:36:34, 16.0
2024 02 16, 04:36:36, 16.0
2024 02 16, 04:36:38, 16.0
2024 02 16, 04:36:40, 16.0
2024 02 16, 04:36:42, 16.0
2024 02 16, 04:36:44, 16.0
2024 02 16, 04:36:46, 16.0
2024 02 16, 04:36:48, 15.937
2024 02 16, 04:36:50, 15.937
2024 02 16, 04:36:51, 15.937
2024 02 16, 04:36:53, 16.0
2024 02 16, 04:36:55, 15.937
2024 02 16, 04:36:57, 15.937
2024 02 16, 04:36:59, 16.0
2024 02 16, 04:37:01, 15.937
2024 02 16, 04:37:03, 16.0
2024 02 16, 04:37:05, 15.937
2024 02 16, 04:37:07, 15.937
2024 02 16, 04:37:09, 15.937
2024 02 16, 04:37:11, 15.937
2024 02 16, 04:37:13, 15.937
2024 02 16, 04:37:14, 15.937
2024 02 16, 04:37:16, 16.0
2024 02 16, 04:37:18, 15.937
2024 02 16, 04:37:20, 16.0
2024 02 16, 04:37:22, 15.937
2024 02 16, 04:37:24, 15.937
2024 02 16, 04:37:26, 15.937
2024 02 16, 04:37:28, 15.937
2024 02 16, 04:37:30, 15.937
2024 02 16, 04:37:32, 15.937
2024 02 16, 04:37:34, 15.937
2024 02 16, 04:37:36, 15.937
2024 02 16, 04:37:38, 15.937
2024 02 16, 04:37:39, 15.937
2024 02 16, 04:37:41, 15.937
2024 02 16, 04:37:43, 15.937
2024 02 16, 04:37:45, 15.937
2024 02 16, 04:37:47, 15.937
2024 02 16, 04:37:49, 15.937
2024 02 16, 04:37:51, 15.937
2024 02 16, 04:37:53, 15.937
2024 02 16, 04:37:55, 15.937
2024 02 16, 04:37:57, 15.937
2024 02 16, 04:37:59, 16.0
2024 02 16, 04:38:01, 15.937
2024 02 16, 04:38:02, 15.937
2024 02 16, 04:38:04, 16.0
2024 02 16, 04:38:06, 15.937
2024 02 16, 04:38:08, 15.937
2024 02 16, 04:38:10, 16.0
2024 02 16, 04:38:12, 16.0
2024 02 16, 04:38:14, 15.937
2024 02 16, 04:38:16, 15.937
2024 02 16, 04:38:18, 16.0
2024 02 16, 04:38:20, 15.937
2024 02 16, 04:38:22, 15.937
2024 02 16, 04:38:24, 16.0
2024 02 16, 04:38:26, 16.0
2024 02 16, 04:38:27, 15.937
2024 02 16, 04:38:29, 16.0
2024 02 16, 04:38:31, 16.0
2024 02 16, 04:38:33, 15.937
2024 02 16, 04:38:35, 15.937
2024 02 16, 04:38:37, 15.937
2024 02 16, 04:38:39, 15.937
2024 02 16, 04:38:41, 15.937
2024 02 16, 04:38:43, 16.0
2024 02 16, 04:38:45, 16.0
2024 02 16, 04:38:47, 15.937
2024 02 16, 04:38:49, 15.937
2024 02 16, 04:38:50, 15.937
2024 02 16, 04:38:52, 15.937
2024 02 16, 04:38:54, 15.937
2024 02 16, 04:38:56, 15.937
2024 02 16, 04:38:58, 15.937
2024 02 16, 04:39:00, 15.937
2024 02 16, 04:39:02, 15.937
2024 02 16, 04:39:04, 15.937
2024 02 16, 04:39:06, 15.937
2024 02 16, 04:39:08, 15.937
2024 02 16, 04:39:10, 16.0
2024 02 16, 04:39:12, 15.937
2024 02 16, 04:39:14, 15.937
2024 02 16, 04:39:15, 15.937
2024 02 16, 04:39:17, 15.937
2024 02 16, 04:39:19, 15.937
2024 02 16, 04:39:21, 15.937
2024 02 16, 04:39:23, 15.937
2024 02 16, 04:39:25, 15.937
2024 02 16, 04:39:27, 15.937
2024 02 16, 04:39:29, 15.937
2024 02 16, 04:39:31, 16.0
2024 02 16, 04:39:33, 15.937
2024 02 16, 04:39:35, 15.937
2024 02 16, 04:39:37, 15.937
2024 02 16, 04:39:38, 15.937
2024 02 16, 04:39:40, 15.937
2024 02 16, 04:39:42, 15.937
2024 02 16, 04:39:44, 15.937
2024 02 16, 04:39:46, 15.937
2024 02 16, 04:39:48, 15.937
2024 02 16, 04:39:50, 15.937
2024 02 16, 04:39:52, 15.937
2024 02 16, 04:39:54, 15.937
2024 02 16, 04:39:56, 15.937
2024 02 16, 04:39:58, 15.937
2024 02 16, 04:40:00, 15.937
2024 02 16, 04:40:02, 16.0
2024 02 16, 04:40:03, 15.937
2024 02 16, 04:40:05, 15.937
2024 02 16, 04:40:07, 16.0
2024 02 16, 04:40:09, 15.937
2024 02 16, 04:40:11, 15.937
2024 02 16, 04:40:13, 15.937
2024 02 16, 04:40:15, 16.0
2024 02 16, 04:40:17, 16.0
2024 02 16, 04:40:19, 16.0
2024 02 16, 04:40:21, 16.0
2024 02 16, 04:40:23, 15.937
2024 02 16, 04:40:25, 15.937
2024 02 16, 04:40:26, 16.0
2024 02 16, 04:40:28, 16.0
2024 02 16, 04:40:30, 16.0
2024 02 16, 04:40:32, 15.937
2024 02 16, 04:40:34, 16.0
2024 02 16, 04:40:36, 16.0
2024 02 16, 04:40:38, 15.937
2024 02 16, 04:40:40, 15.937
2024 02 16, 04:40:42, 16.0
2024 02 16, 04:40:44, 16.0
2024 02 16, 04:40:46, 16.0
2024 02 16, 04:40:48, 16.0
2024 02 16, 04:40:50, 16.0
2024 02 16, 04:40:51, 16.0
2024 02 16, 04:40:53, 16.0
2024 02 16, 04:40:55, 15.937
2024 02 16, 04:40:57, 16.0
2024 02 16, 04:40:59, 16.0
2024 02 16, 04:41:01, 16.0
2024 02 16, 04:41:03, 16.0
2024 02 16, 04:41:05, 15.937
2024 02 16, 04:41:07, 16.0
2024 02 16, 04:41:09, 16.0
2024 02 16, 04:41:11, 16.0
2024 02 16, 04:41:13, 16.0
2024 02 16, 04:41:14, 16.0
2024 02 16, 04:41:16, 16.0
2024 02 16, 04:41:18, 16.0
2024 02 16, 04:41:20, 15.937
2024 02 16, 04:41:22, 16.0
2024 02 16, 04:41:24, 16.0
2024 02 16, 04:41:26, 16.0
2024 02 16, 04:41:28, 16.0
2024 02 16, 04:41:30, 16.0
2024 02 16, 04:41:32, 16.0
2024 02 16, 04:41:34, 16.0
2024 02 16, 04:41:36, 16.0
2024 02 16, 04:41:38, 16.0
2024 02 16, 04:41:39, 16.0
2024 02 16, 04:41:41, 16.0
2024 02 16, 04:41:43, 16.0
2024 02 16, 04:41:45, 16.0
2024 02 16, 04:41:47, 16.0
2024 02 16, 04:41:49, 16.0
2024 02 16, 04:41:51, 16.0
2024 02 16, 04:41:53, 16.0
2024 02 16, 04:41:55, 16.062
2024 02 16, 04:41:57, 16.062
2024 02 16, 04:41:59, 16.0
2024 02 16, 04:42:01, 16.0
2024 02 16, 04:42:02, 16.0
2024 02 16, 04:42:04, 16.0
2024 02 16, 04:42:06, 16.0
2024 02 16, 04:42:08, 16.0
2024 02 16, 04:42:10, 16.0
2024 02 16, 04:42:12, 16.0
2024 02 16, 04:42:14, 16.0
2024 02 16, 04:42:16, 16.062
2024 02 16, 04:42:18, 16.062
2024 02 16, 04:42:20, 16.0
2024 02 16, 04:42:22, 16.062
2024 02 16, 04:42:24, 16.062
2024 02 16, 04:42:26, 16.062
2024 02 16, 04:42:27, 16.0
2024 02 16, 04:42:29, 16.0
2024 02 16, 04:42:31, 16.0
2024 02 16, 04:42:33, 16.0
2024 02 16, 04:42:35, 16.062
2024 02 16, 04:42:37, 16.0
2024 02 16, 04:42:39, 16.062
2024 02 16, 04:42:41, 16.062
2024 02 16, 04:42:43, 16.062
2024 02 16, 04:42:45, 16.062
2024 02 16, 04:42:47, 16.062
2024 02 16, 04:42:49, 16.062
2024 02 16, 04:42:50, 16.062
2024 02 16, 04:42:52, 16.062
2024 02 16, 04:42:54, 16.062
2024 02 16, 04:42:56, 16.062
2024 02 16, 04:42:58, 16.062
2024 02 16, 04:43:00, 16.062
2024 02 16, 04:43:02, 16.062
2024 02 16, 04:43:04, 16.062
2024 02 16, 04:43:06, 16.062
2024 02 16, 04:43:08, 16.062
2024 02 16, 04:43:10, 16.062
2024 02 16, 04:43:12, 16.062
2024 02 16, 04:43:14, 16.062
2024 02 16, 04:43:15, 16.062
2024 02 16, 04:43:17, 16.062
2024 02 16, 04:43:19, 16.062
2024 02 16, 04:43:21, 16.062
2024 02 16, 04:43:23, 16.062
2024 02 16, 04:43:25, 16.062
2024 02 16, 04:43:27, 16.062
2024 02 16, 04:43:29, 16.062
2024 02 16, 04:43:31, 16.062
2024 02 16, 04:43:33, 16.062
2024 02 16, 04:43:35, 16.062
2024 02 16, 04:43:37, 16.062
2024 02 16, 04:43:38, 16.062
2024 02 16, 04:43:40, 16.062
2024 02 16, 04:43:42, 16.062
2024 02 16, 04:43:44, 16.062
2024 02 16, 04:43:46, 16.062
2024 02 16, 04:43:48, 16.062
2024 02 16, 04:43:50, 16.062
2024 02 16, 04:43:52, 16.062
2024 02 16, 04:43:54, 16.062
2024 02 16, 04:43:56, 16.062
2024 02 16, 04:43:58, 16.062
2024 02 16, 04:44:00, 16.062
2024 02 16, 04:44:02, 16.062
2024 02 16, 04:44:03, 16.062
2024 02 16, 04:44:05, 16.062
2024 02 16, 04:44:07, 16.062
2024 02 16, 04:44:09, 16.062
2024 02 16, 04:44:11, 16.062
2024 02 16, 04:44:13, 16.062
2024 02 16, 04:44:15, 16.062
2024 02 16, 04:44:17, 16.062
2024 02 16, 04:44:19, 16.062
2024 02 16, 04:44:21, 16.062
2024 02 16, 04:44:23, 16.062
2024 02 16, 04:44:25, 16.062
2024 02 16, 04:44:26, 16.062
2024 02 16, 04:44:28, 16.062
2024 02 16, 04:44:30, 16.062
2024 02 16, 04:44:32, 16.062
2024 02 16, 04:44:34, 16.062
2024 02 16, 04:44:36, 16.062
2024 02 16, 04:44:38, 16.062
2024 02 16, 04:44:40, 16.125
2024 02 16, 04:44:42, 16.062
2024 02 16, 04:44:44, 16.062
2024 02 16, 04:44:46, 16.062
2024 02 16, 04:44:48, 16.125
2024 02 16, 04:44:50, 16.125
2024 02 16, 04:44:51, 16.125
2024 02 16, 04:44:53, 16.062
2024 02 16, 04:44:55, 16.062
2024 02 16, 04:44:57, 16.062
2024 02 16, 04:44:59, 16.125
2024 02 16, 04:45:01, 16.125
2024 02 16, 04:45:03, 16.062
2024 02 16, 04:45:05, 16.125
2024 02 16, 04:45:07, 16.125
2024 02 16, 04:45:09, 16.125
2024 02 16, 04:45:11, 16.125
2024 02 16, 04:45:13, 16.062
2024 02 16, 04:45:14, 16.062
2024 02 16, 04:45:16, 16.125
2024 02 16, 04:45:18, 16.125
2024 02 16, 04:45:20, 16.125
2024 02 16, 04:45:22, 16.062
2024 02 16, 04:45:24, 16.062
2024 02 16, 04:45:26, 16.125
2024 02 16, 04:45:28, 16.125
2024 02 16, 04:45:30, 16.062
2024 02 16, 04:45:32, 16.062
2024 02 16, 04:45:34, 16.062
2024 02 16, 04:45:36, 16.062
2024 02 16, 04:45:38, 16.062
2024 02 16, 04:45:39, 16.062
2024 02 16, 04:45:41, 16.125
2024 02 16, 04:45:43, 16.125
2024 02 16, 04:45:45, 16.062
2024 02 16, 04:45:47, 16.062
2024 02 16, 04:45:49, 16.062
2024 02 16, 04:45:51, 16.062
2024 02 16, 04:45:53, 16.062
2024 02 16, 04:45:55, 16.062
2024 02 16, 04:45:57, 16.062
2024 02 16, 04:45:59, 16.062
2024 02 16, 04:46:01, 16.062
2024 02 16, 04:46:02, 16.062
2024 02 16, 04:46:04, 16.062
2024 02 16, 04:46:06, 16.062
2024 02 16, 04:46:08, 16.062
2024 02 16, 04:46:10, 16.062
2024 02 16, 04:46:12, 16.125
2024 02 16, 04:46:14, 16.062
2024 02 16, 04:46:16, 16.062
2024 02 16, 04:46:18, 16.062
2024 02 16, 04:46:20, 16.062
2024 02 16, 04:46:22, 16.062
2024 02 16, 04:46:24, 16.125
2024 02 16, 04:46:26, 16.062
2024 02 16, 04:46:27, 16.062
2024 02 16, 04:46:29, 16.125
2024 02 16, 04:46:31, 16.062
2024 02 16, 04:46:33, 16.062
2024 02 16, 04:46:35, 16.062
2024 02 16, 04:46:37, 16.062
2024 02 16, 04:46:39, 16.062
2024 02 16, 04:46:41, 16.062
2024 02 16, 04:46:43, 16.062
2024 02 16, 04:46:45, 16.062
2024 02 16, 04:46:47, 16.062
2024 02 16, 04:46:49, 16.062
2024 02 16, 04:46:50, 16.125
2024 02 16, 04:46:52, 16.125
2024 02 16, 04:46:54, 16.125
2024 02 16, 04:46:56, 16.125
2024 02 16, 04:46:58, 16.125
2024 02 16, 04:47:00, 16.125
2024 02 16, 04:47:02, 16.125
2024 02 16, 04:47:04, 16.125
2024 02 16, 04:47:06, 16.062
2024 02 16, 04:47:08, 16.125
2024 02 16, 04:47:10, 16.062
2024 02 16, 04:47:12, 16.125
2024 02 16, 04:47:14, 16.062
2024 02 16, 04:47:15, 16.125
2024 02 16, 04:47:17, 16.062
2024 02 16, 04:47:19, 16.062
2024 02 16, 04:47:21, 16.125
2024 02 16, 04:47:23, 16.125
2024 02 16, 04:47:25, 16.062
2024 02 16, 04:47:27, 16.125
2024 02 16, 04:47:29, 16.062
2024 02 16, 04:47:31, 16.125
2024 02 16, 04:47:33, 16.125
2024 02 16, 04:47:35, 16.062
2024 02 16, 04:47:37, 16.125
2024 02 16, 04:47:38, 16.125
2024 02 16, 04:47:40, 16.125
2024 02 16, 04:47:42, 16.125
2024 02 16, 04:47:44, 16.125
2024 02 16, 04:47:46, 16.125
2024 02 16, 04:47:48, 16.062
2024 02 16, 04:47:50, 16.125
2024 02 16, 04:47:52, 16.062
2024 02 16, 04:47:54, 16.125
2024 02 16, 04:47:56, 16.125
2024 02 16, 04:47:58, 16.125
2024 02 16, 04:48:00, 16.062
2024 02 16, 04:48:02, 16.125
2024 02 16, 04:48:03, 16.062
2024 02 16, 04:48:05, 16.062
2024 02 16, 04:48:07, 16.062
2024 02 16, 04:48:09, 16.062
2024 02 16, 04:48:11, 16.062
2024 02 16, 04:48:13, 16.125
2024 02 16, 04:48:15, 16.062
2024 02 16, 04:48:17, 16.125
2024 02 16, 04:48:19, 16.062
2024 02 16, 04:48:21, 16.125
2024 02 16, 04:48:23, 16.125
2024 02 16, 04:48:25, 16.125
2024 02 16, 04:48:26, 16.062
2024 02 16, 04:48:28, 16.125
2024 02 16, 04:48:30, 16.125
2024 02 16, 04:48:32, 16.125
2024 02 16, 04:48:34, 16.125
2024 02 16, 04:48:36, 16.125
2024 02 16, 04:48:38, 16.125
2024 02 16, 04:48:40, 16.125
2024 02 16, 04:48:42, 16.125
2024 02 16, 04:48:44, 16.125
2024 02 16, 04:48:46, 16.125
2024 02 16, 04:48:48, 16.125
2024 02 16, 04:48:50, 16.062
2024 02 16, 04:48:51, 16.062
2024 02 16, 04:48:53, 16.062
2024 02 16, 04:48:55, 16.062
2024 02 16, 04:48:57, 16.125
2024 02 16, 04:48:59, 16.125
2024 02 16, 04:49:01, 16.125
2024 02 16, 04:49:03, 16.062
2024 02 16, 04:49:05, 16.125
2024 02 16, 04:49:07, 16.062
2024 02 16, 04:49:09, 16.062
2024 02 16, 04:49:11, 16.062
2024 02 16, 04:49:13, 16.125
2024 02 16, 04:49:14, 16.062
2024 02 16, 04:49:16, 16.062
2024 02 16, 04:49:18, 16.062
2024 02 16, 04:49:20, 16.125
2024 02 16, 04:49:22, 16.062
2024 02 16, 04:49:24, 16.125
2024 02 16, 04:49:26, 16.125
2024 02 16, 04:49:28, 16.125
2024 02 16, 04:49:30, 16.062
2024 02 16, 04:49:32, 16.062
2024 02 16, 04:49:34, 16.125
2024 02 16, 04:49:36, 16.125
2024 02 16, 04:49:38, 16.062
2024 02 16, 04:49:39, 16.125
2024 02 16, 04:49:41, 16.125
2024 02 16, 04:49:43, 16.125
2024 02 16, 04:49:45, 16.062
2024 02 16, 04:49:47, 16.125
2024 02 16, 04:49:49, 16.062
2024 02 16, 04:49:51, 16.062
2024 02 16, 04:49:53, 16.125
2024 02 16, 04:49:55, 16.062
2024 02 16, 04:49:57, 16.062
2024 02 16, 04:49:59, 16.062
2024 02 16, 04:50:01, 16.062
2024 02 16, 04:50:02, 16.062
2024 02 16, 04:50:04, 16.062
2024 02 16, 04:50:06, 16.125
2024 02 16, 04:50:08, 16.062
2024 02 16, 04:50:10, 16.125
2024 02 16, 04:50:12, 16.062
2024 02 16, 04:50:14, 16.062
2024 02 16, 04:50:16, 16.062
2024 02 16, 04:50:18, 16.062
2024 02 16, 04:50:20, 16.062
2024 02 16, 04:50:22, 16.062
2024 02 16, 04:50:24, 16.062
2024 02 16, 04:50:26, 16.062
2024 02 16, 04:50:27, 16.062
2024 02 16, 04:50:29, 16.062
2024 02 16, 04:50:31, 16.062
2024 02 16, 04:50:33, 16.062
2024 02 16, 04:50:35, 16.062
2024 02 16, 04:50:37, 16.062
2024 02 16, 04:50:39, 16.125
2024 02 16, 04:50:41, 16.062
2024 02 16, 04:50:43, 16.062
2024 02 16, 04:50:45, 16.062
2024 02 16, 04:50:47, 16.062
2024 02 16, 04:50:49, 16.062
2024 02 16, 04:50:50, 16.062
2024 02 16, 04:50:52, 16.062
2024 02 16, 04:50:54, 16.062
2024 02 16, 04:50:56, 16.062
2024 02 16, 04:50:58, 16.062
2024 02 16, 04:51:00, 16.062
2024 02 16, 04:51:02, 16.062
2024 02 16, 04:51:04, 16.062
2024 02 16, 04:51:06, 16.062
2024 02 16, 04:51:08, 16.062
2024 02 16, 04:51:10, 16.062
2024 02 16, 04:51:12, 16.062
2024 02 16, 04:51:14, 16.062
2024 02 16, 04:51:15, 16.062
2024 02 16, 04:51:17, 16.062
2024 02 16, 04:51:19, 16.062
2024 02 16, 04:51:21, 16.062
2024 02 16, 04:51:23, 16.062
2024 02 16, 04:51:25, 16.062
2024 02 16, 04:51:27, 16.062
2024 02 16, 04:51:29, 16.062
2024 02 16, 04:51:31, 16.062
2024 02 16, 04:51:33, 16.062
2024 02 16, 04:51:35, 16.062
2024 02 16, 04:51:37, 16.062
2024 02 16, 04:51:38, 16.062
2024 02 16, 04:51:40, 16.062
2024 02 16, 04:51:42, 16.125
2024 02 16, 04:51:44, 16.062
2024 02 16, 04:51:46, 16.062
2024 02 16, 04:51:48, 16.062
2024 02 16, 04:51:50, 16.062
2024 02 16, 04:51:52, 16.062
2024 02 16, 04:51:54, 16.062
2024 02 16, 04:51:56, 16.062
2024 02 16, 04:51:58, 16.062
2024 02 16, 04:52:00, 16.062
2024 02 16, 04:52:02, 16.062
2024 02 16, 04:52:03, 16.062
2024 02 16, 04:52:05, 16.062
2024 02 16, 04:52:07, 16.062
2024 02 16, 04:52:09, 16.062
2024 02 16, 04:52:11, 16.062
2024 02 16, 04:52:13, 16.0
2024 02 16, 04:52:15, 16.062
2024 02 16, 04:52:17, 16.062
2024 02 16, 04:52:19, 16.062
2024 02 16, 04:52:21, 16.062
2024 02 16, 04:52:23, 16.062
